ticker,fiscal_year,analysis_exclusion,financial_available
ABT,2020,,True
ABT,2021,,True
ABT,2022,,True
ABT,2023,,True
ABT,2024,,True
ABT,2025,,True
ABBV,2020,,True
ABBV,2021,,True
ABBV,2022,,True
ABBV,2023,,True
ABBV,2024,,True
ABBV,2025,Flagged equity,True
A,2020,,
A,2021,,True
A,2022,,True
A,2023,,True
A,2024,,True
A,2025,,True
ALGN,2020,,True
ALGN,2021,,True
ALGN,2022,,True
ALGN,2023,,True
ALGN,2024,,True
ALGN,2025,,True
AMGN,2020,,True
AMGN,2021,,True
AMGN,2022,,True
AMGN,2023,,True
AMGN,2024,,True
AMGN,2025,,True
BAX,2020,,True
BAX,2021,,True
BAX,2022,,True
BAX,2023,,True
BAX,2024,,True
BAX,2025,,True
BDX,2020,,True
BDX,2021,,True
BDX,2022,,True
BDX,2023,,True
BDX,2024,,True
BDX,2025,,True
TECH,2020,,True
TECH,2021,,True
TECH,2022,,True
TECH,2023,,True
TECH,2024,,True
TECH,2025,,
BIIB,2020,,True
BIIB,2021,,True
BIIB,2022,,True
BIIB,2023,,True
BIIB,2024,,
BIIB,2025,,
BSX,2020,,
BSX,2021,,
BSX,2022,,True
BSX,2023,,True
BSX,2024,,True
BSX,2025,,True
BMY,2020,,True
BMY,2021,,True
BMY,2022,,True
BMY,2023,,True
BMY,2024,,True
BMY,2025,,True
CAH,2020,,True
CAH,2021,,True
CAH,2022,Flagged equity,True
CAH,2023,Flagged equity,True
CAH,2024,Flagged equity,True
CAH,2025,Flagged equity,True
COR,2020,Flagged equity,True
COR,2021,Flagged equity,True
COR,2022,Flagged equity,True
COR,2023,Flagged equity,True
COR,2024,Flagged equity,True
COR,2025,,True
CNC,2020,,True
CNC,2021,,True
CNC,2022,,True
CNC,2023,,True
CNC,2024,,True
CNC,2025,,True
CRL,2020,,True
CRL,2021,,True
CRL,2022,,True
CRL,2023,,True
CRL,2024,,True
CRL,2025,,True
CI,2020,,True
CI,2021,,True
CI,2022,,True
CI,2023,,True
CI,2024,,True
CI,2025,,True
COO,2020,,True
COO,2021,,True
COO,2022,,True
COO,2023,,True
COO,2024,,True
COO,2025,,True
CVS,2020,,True
CVS,2021,,True
CVS,2022,,True
CVS,2023,,True
CVS,2024,,True
CVS,2025,,True
DHR,2020,,True
DHR,2021,,True
DHR,2022,,True
DHR,2023,,True
DHR,2024,,True
DHR,2025,,True
DVA,2020,,True
DVA,2021,,True
DVA,2022,,True
DVA,2023,,True
DVA,2024,Flagged equity,True
DVA,2025,Flagged equity,True
DXCM,2020,,True
DXCM,2021,,True
DXCM,2022,,True
DXCM,2023,,True
DXCM,2024,,True
DXCM,2025,,True
EW,2020,,
EW,2021,,
EW,2022,,True
EW,2023,,True
EW,2024,,True
EW,2025,,True
ELV,2020,,True
ELV,2021,,True
ELV,2022,,True
ELV,2023,,True
ELV,2024,,True
ELV,2025,,True
GEHC,2020,,
GEHC,2021,,
GEHC,2022,,True
GEHC,2023,,True
GEHC,2024,,True
GEHC,2025,,True
GILD,2020,,True
GILD,2021,,True
GILD,2022,,True
GILD,2023,,True
GILD,2024,,True
GILD,2025,,True
HCA,2020,,True
HCA,2021,Flagged equity,True
HCA,2022,Flagged equity,True
HCA,2023,Flagged equity,True
HCA,2024,Flagged equity,True
HCA,2025,Flagged equity,True
HSIC,2020,,True
HSIC,2021,,True
HSIC,2022,,True
HSIC,2023,,True
HSIC,2024,,True
HSIC,2025,,True
HUM,2020,,True
HUM,2021,,True
HUM,2022,,True
HUM,2023,,True
HUM,2024,,True
HUM,2025,,True
IDXX,2020,,True
IDXX,2021,,True
IDXX,2022,,True
IDXX,2023,,True
IDXX,2024,,True
IDXX,2025,,True
INCY,2020,,True
INCY,2021,,True
INCY,2022,,True
INCY,2023,,True
INCY,2024,,True
INCY,2025,,True
PODD,2020,,True
PODD,2021,,True
PODD,2022,,True
PODD,2023,,True
PODD,2024,,True
PODD,2025,,True
ISRG,2020,,True
ISRG,2021,,True
ISRG,2022,,True
ISRG,2023,,True
ISRG,2024,,True
ISRG,2025,,True
IQV,2020,,True
IQV,2021,,True
IQV,2022,,
IQV,2023,,
IQV,2024,,True
IQV,2025,,True
JNJ,2020,,
JNJ,2021,,
JNJ,2022,,
JNJ,2023,,
JNJ,2024,,
JNJ,2025,,
LH,2020,,True
LH,2021,,True
LH,2022,,True
LH,2023,,True
LH,2024,,True
LH,2025,,True
LLY,2020,,True
LLY,2021,,True
LLY,2022,,True
LLY,2023,,True
LLY,2024,,True
LLY,2025,,True
MCK,2020,,True
MCK,2021,Flagged equity,True
MCK,2022,Flagged equity,True
MCK,2023,Flagged equity,True
MCK,2024,Flagged equity,True
MCK,2025,Flagged equity,True
MDT,2020,,True
MDT,2021,,True
MDT,2022,,True
MDT,2023,,True
MDT,2024,,True
MDT,2025,,True
MRK,2020,,True
MRK,2021,,True
MRK,2022,,True
MRK,2023,,True
MRK,2024,,True
MRK,2025,,True
MTD,2020,,True
MTD,2021,,True
MTD,2022,Flagged equity,True
MTD,2023,Flagged equity,True
MTD,2024,Flagged equity,True
MTD,2025,Flagged equity,True
MRNA,2020,,True
MRNA,2021,,True
MRNA,2022,,True
MRNA,2023,,True
MRNA,2024,,True
MRNA,2025,,True
PFE,2020,,True
PFE,2021,,True
PFE,2022,,True
PFE,2023,,True
PFE,2024,,True
PFE,2025,,True
DGX,2020,,True
DGX,2021,,True
DGX,2022,,True
DGX,2023,,True
DGX,2024,,True
DGX,2025,,True
REGN,2020,,True
REGN,2021,,True
REGN,2022,,True
REGN,2023,,True
REGN,2024,,True
REGN,2025,,True
RMD,2020,,True
RMD,2021,,True
RMD,2022,,True
RMD,2023,,True
RMD,2024,,True
RMD,2025,,True
RVTY,2020,,True
RVTY,2021,,True
RVTY,2022,,True
RVTY,2023,,True
RVTY,2024,,True
RVTY,2025,,True
SOLV,2020,,
SOLV,2021,,
SOLV,2022,,
SOLV,2023,,True
SOLV,2024,,True
SOLV,2025,,True
STE,2020,,True
STE,2021,,True
STE,2022,,True
STE,2023,,True
STE,2024,,True
STE,2025,,True
SYK,2020,,
SYK,2021,,
SYK,2022,,
SYK,2023,,
SYK,2024,,
SYK,2025,,
TMO,2020,,True
TMO,2021,,True
TMO,2022,,True
TMO,2023,,True
TMO,2024,,True
TMO,2025,,True
UNH,2020,,True
UNH,2021,,True
UNH,2022,,True
UNH,2023,,True
UNH,2024,,True
UNH,2025,,True
UHS,2020,,True
UHS,2021,,True
UHS,2022,,True
UHS,2023,,True
UHS,2024,,True
UHS,2025,,True
VEEV,2020,,True
VEEV,2021,,True
VEEV,2022,,True
VEEV,2023,,True
VEEV,2024,,True
VEEV,2025,,True
VRTX,2020,,True
VRTX,2021,,True
VRTX,2022,,True
VRTX,2023,,True
VRTX,2024,,True
VRTX,2025,,True
VTRS,2020,,
VTRS,2021,,
VTRS,2022,,
VTRS,2023,,
VTRS,2024,,
VTRS,2025,,
WAT,2020,,
WAT,2021,,
WAT,2022,,
WAT,2023,,True
WAT,2024,,True
WAT,2025,,True
WST,2020,,True
WST,2021,,True
WST,2022,,True
WST,2023,,True
WST,2024,,True
WST,2025,,True
ZBH,2020,,True
ZBH,2021,,True
ZBH,2022,,True
ZBH,2023,,True
ZBH,2024,,True
ZBH,2025,,True
ZTS,2020,,True
ZTS,2021,,True
ZTS,2022,,True
ZTS,2023,,True
ZTS,2024,,True
ZTS,2025,,True
