ticker,profit_margin,asset_turnover,equity_multiplier,roe,years_available,subsector
A,0.18832329484236196,0.5941665091221713,1.9419259897919328,0.21698055681389516,5,Unclassified
ABBV,0.13510185272490668,0.38519749274341125,16.544451023102233,0.7088216958154053,5,Unclassified
ABT,0.1770328087721781,0.5351017024217809,1.9350608076606866,0.1796954390100022,6,Unclassified
ALGN,0.22214191451381718,0.6217493229131071,1.6023205933757778,0.1993293968534858,6,Unclassified
AMGN,0.2219866185545248,0.382107344232318,12.54768989882615,1.0176054662167566,6,Unclassified
BAX,0.022893276237927685,0.46947775465127145,3.531017584910156,-0.0136745635714784,6,Unclassified
BDX,0.08210386222279185,0.3570959471097999,2.1798769328042034,0.0641619470728933,6,Unclassified
BMY,0.03587347944945248,0.4649563388611549,3.844529195771308,0.04444449062604763,6,Unclassified
CI,0.030449878239859965,1.3357755649722602,3.4145337730340386,0.12837287549651163,6,Unclassified
CNC,0.006471176097472317,1.906677678116172,3.1717224888711395,0.010934781033654714,6,Unclassified
COO,0.24941223527693776,0.3179307591925647,1.5532118037822036,0.11221723292006858,6,Unclassified
CRL,0.07363293408531013,0.5273455916499012,2.4383618123739663,0.09710829373691722,6,Unclassified
CVS,0.01787665538309668,1.3869637459879975,3.268448704893043,0.07713986886694187,6,Unclassified
DGX,0.11711904693750137,0.6977332380221241,2.205833332444407,0.18068346845903535,6,Unclassified
DHR,0.1937388951797705,0.30792297080899833,1.695783472077985,0.10243669705069264,6,Unclassified
DXCM,0.1556302669105574,0.5700963574216669,2.6191991285899068,0.2294792248511267,6,Unclassified
ELV,0.03605710833911992,1.5132949976692247,2.7526664320819627,0.14928335172796423,6,Unclassified
GILD,0.1526546826194378,0.43621869917070266,3.0550335433042064,0.19436485773724788,6,Unclassified
HSIC,0.038000523147072585,1.3027275781604344,2.7759397644798036,0.1353945663818112,6,Unclassified
HUM,0.025329019624264617,2.2801484588705185,2.7700700940629166,0.15083013456051705,6,Unclassified
IDXX,0.2255116475480079,1.2192715563041239,3.0036944335228366,0.8168659780553732,6,Unclassified
INCY,0.12112821032388876,0.6663675603479533,1.3735459380181283,0.09832066300532345,6,Unclassified
ISRG,0.26143594404598475,0.4483316949181888,1.1517265188366947,0.13477422825494276,6,Unclassified
LH,0.08685701518070982,0.7115616736187788,2.1079331499982144,0.12839991372471227,6,Unclassified
LLY,0.22894017655904828,0.5613376518295642,5.674082657693796,0.7187009939569328,6,Unclassified
MDT,0.13622255215978796,0.34324437840104755,1.7993749701455137,0.08394534446627748,6,Unclassified
MRK,0.2061096314372577,0.507279616727899,2.788000875570979,0.2771455899196275,6,Unclassified
MRNA,-0.5126694748375726,0.3935307815309009,1.6691303748586257,0.0025092885438178225,6,Unclassified
PFE,0.18149198549909717,0.3480776112431054,2.370354895506052,0.1603669297803813,6,Unclassified
PODD,0.07350976848945136,0.6290842993311613,3.2829129701919713,0.14016818476813775,6,Unclassified
REGN,0.3664176306893967,0.44498400191622545,1.3430830989101021,0.23116540031622768,6,Unclassified
RMD,0.21318762462965637,0.659947576539461,1.5682277089053442,0.21787722173101018,6,Unclassified
RVTY,0.174209801012394,0.27076037588961815,1.8605153083372123,0.09343244216121703,6,Unclassified
STE,0.08755851159871235,0.47546448762290866,1.6855658881123172,0.07169086172919133,6,Unclassified
TECH,0.22065572984412948,0.42339519381766594,1.3826178639056745,0.1284054763296604,5,Unclassified
TMO,0.16461766349290216,0.4365977026818517,2.113898143130404,0.15228591142372985,6,Unclassified
UHS,0.06977885876033753,1.0084786436791522,2.189831121811413,0.1531756464795403,6,Unclassified
UNH,0.05086993233894554,1.3538853728009441,3.1202626332363708,0.21175045487354663,6,Unclassified
VEEV,0.24529205413200392,0.44576298556272453,1.3070964071106008,0.1436844068972397,6,Unclassified
VRTX,0.2942849837828115,0.4958731995767061,1.3378848404021582,0.19464439427579627,6,Unclassified
WST,0.18833139598578283,0.784239522838113,1.3840877508440368,0.20556365655020858,6,Unclassified
ZBH,0.06904030976137439,0.328001987730347,1.8103735653496893,0.041607839957966,6,Unclassified
ZTS,0.26571052028920533,0.5752607607930454,3.42426354069907,0.5259344222214615,6,Unclassified
