ticker,metric,value,lower,upper
MRNA,profit_margin,-0.5126694748375726,-0.15185855520319946,0.43818981670094836
CI,asset_turnover,1.3357755649722602,0.01754618250478357,1.116908219809852
CNC,asset_turnover,1.906677678116172,0.01754618250478357,1.116908219809852
CVS,asset_turnover,1.3869637459879975,0.01754618250478357,1.116908219809852
ELV,asset_turnover,1.5132949976692247,0.01754618250478357,1.116908219809852
HSIC,asset_turnover,1.3027275781604344,0.01754618250478357,1.116908219809852
HUM,asset_turnover,2.2801484588705185,0.01754618250478357,1.116908219809852
IDXX,asset_turnover,1.2192715563041239,0.01754618250478357,1.116908219809852
UNH,asset_turnover,1.3538853728009441,0.01754618250478357,1.116908219809852
ABBV,equity_multiplier,16.544451023102233,-0.43810180369175433,5.203098023447515
AMGN,equity_multiplier,12.54768989882615,-0.43810180369175433,5.203098023447515
LLY,equity_multiplier,5.674082657693796,-0.43810180369175433,5.203098023447515
ABBV,roe,0.7088216958154053,-0.06869938764001556,0.3750709217230135
AMGN,roe,1.0176054662167566,-0.06869938764001556,0.3750709217230135
IDXX,roe,0.8168659780553732,-0.06869938764001556,0.3750709217230135
LLY,roe,0.7187009939569328,-0.06869938764001556,0.3750709217230135
ZTS,roe,0.5259344222214615,-0.06869938764001556,0.3750709217230135
