ticker,from_year,to_year,margin_pp,turnover_pp,multiplier_pp,roe_change_pp
ABT,2020,2021,3.876840776350728,3.0344146829986913,-0.8719187438220265,6.0393367155274
ABT,2021,2022,-0.6384145557787597,0.45343322478275017,-0.6670946451054783,-0.8520759761014879
ABT,2022,2023,-1.7967537574809733,-1.1429286035989668,-1.1332622953200282,-4.072944656399971
ABT,2023,2024,16.946018023412027,-1.3472291393875548,-2.306404599371721,13.292384284652748
ABT,2024,2025,-14.907344275882247,-0.16010929756126352,-0.535336678957617,-15.602790252401128
ALGN,2020,2021,-48.332841024295334,10.880071588389024,3.847970512794554,-33.60479892311175
ALGN,2021,2022,-10.481851348441065,-0.8962935098827167,0.10750970950643216,-11.27063514881735
ALGN,2022,2023,1.9343125415034383,0.12259745256949231,0.16194467379102573,2.218854667863959
ALGN,2023,2024,-1.0368746284050758,0.15697335214666397,-0.44003291654721416,-1.31993419280563
ALGN,2024,2025,-0.37314695945633236,0.061971157291335066,-0.4933939345795523,-0.8045697367445398
AMGN,2020,2021,-19.319407541384336,4.200934854190445,25.87101828104416,10.752545593850282
AMGN,2021,2022,12.27883331775328,-6.60180387267703,85.335241894212,91.01227133928828
AMGN,2022,2023,-6.1823810897387315,-46.389653906203755,-18.613046873493467,-71.18508186943599
AMGN,2023,2024,-59.170093358641495,20.76362165863163,0.21738827979707054,-38.189083420212775
AMGN,2024,2025,43.74212966293096,8.891058506158558,-33.16437903718701,19.468809131902553
BAX,2020,2021,0.8581390755023779,-5.906727550131887,6.511529040930389,1.4629405663008799
BAX,2021,2022,-51.54884144002383,-2.228475510858792,-2.079280794361914,-55.85659774524455
BAX,2022,2023,77.34395514138888,-1.8977809174603073,-2.1236982458066085,73.32247597812199
BAX,2023,2024,-43.722706724335595,1.5517404758364897,1.240088490529796,-40.93087775796932
BAX,2024,2025,-4.07539820281307,-3.7612480944500386,1.5417102820159558,-6.29493601524715
BDX,2020,2021,4.45410339550322,0.6976086147953446,0.0061895650095062735,5.15790157530808
BDX,2021,2022,-1.1716498001534172,0.0294439788960497,-0.6567461613786219,-1.7989519826359892
BDX,2022,2023,-1.3231482085769777,0.18667846474888578,-0.14732720920566827,-1.2837969530337605
BDX,2023,2024,0.604240604511075,-0.254022506712589,0.4825062741507556,0.8327243719492401
BDX,2024,2025,-0.6286627320630579,0.7533332257075919,-0.1013236195197374,0.02334687412479941
BMY,2020,2021,43.83763512984408,-0.6369851010715947,0.09164712647100105,43.29229715524349
BMY,2021,2022,-1.902619763760811,2.3226934466648768,0.4925584069339313,0.9126320898380003
BMY,2022,2023,6.2178968539198705,-0.1901627239178953,0.8707643394035698,6.8984984694055616
BMY,2023,2024,-80.83251010606511,-0.4340233351673902,-0.7796442096156875,-82.04617765084821
BMY,2024,2025,92.34702889395815,-0.17030615895208628,0.7868209943235775,92.96354372932966
CI,2020,2021,-7.533433126149608,1.2226832580815747,0.8904146537996007,-5.420335214268432
CI,2021,2022,2.4446423865510574,1.4448392027312347,-0.2710828560679383,3.61839873321434
CI,2022,2023,-4.41794759199838,0.24503424714851899,0.3386851723112731,-3.834228172538559
CI,2023,2024,-6.398243863490966,2.1842213528169143,1.4109689484777577,-2.80305356219632
CI,2024,2025,4.902638087163125,1.0481974259238747,-0.03878972895775268,5.912045784129299
CNC,2020,2021,-2.5145957531861987,-0.03577197393099934,0.5623316992152483,-1.9880360279019509
CNC,2021,2022,-1.269648940222238,0.7924588203026334,0.4465995579741209,-0.030590561945460087
CNC,2022,2023,5.524053766441963,-0.2554572664146258,0.19159312186008232,5.46018962188744
CNC,2023,2024,1.652389318176448,0.9579740368657249,-0.5528205348091942,2.0575428202329813
CNC,2024,2025,-43.083392102008375,-1.549855011044102,-1.329556273846413,-45.962803386899
COO,2020,2021,47.726080184910444,-4.756579855720114,-6.782998446835616,36.18650188235471
COO,2021,2022,-39.351273819672805,-1.3455726310247926,3.654391192620954,-37.04245525807664
COO,2022,2023,-1.6280376387462172,0.3174541031246817,-0.17051878759189903,-1.4811023232134395
COO,2023,2024,0.9018729795432908,0.11359700015310577,-0.05859002073165416,0.9568799589647397
COO,2024,2025,-0.44529625501348546,0.20183108822177118,-0.05932595031319088,-0.3027911171048996
CRL,2020,2021,-1.967829100607574,-0.8990614130608008,1.0633214216451756,-1.8035690920231913
CRL,2021,2022,1.6193527911226075,0.5879161004442033,-1.2950863401221566,0.9121825514446513
CRL,2022,2023,-0.9123205127537467,-0.54723097487541,-1.681650640692451,-3.141202128321599
CRL,2023,2024,-12.692633578832124,0.459997045795354,-0.32136560332372466,-12.5540021363605
CRL,2024,2025,-5.050509205448747,-0.08426020043716306,-0.06763269785765208,-5.20240210374357
CVS,2020,2021,0.14056432560610502,0.769698927836225,-0.7201529798894285,0.19011027355288895
CVS,2021,2022,-5.756880141878333,1.0103966964959659,0.24233880523471038,-4.5041446401476595
CVS,2022,2023,4.573772105439149,0.11885576685900559,0.18813913842956134,4.88076701072774
CVS,2023,2024,-5.260438521728192,0.23378719258886177,0.2203039279872067,-4.80634740115212
CVS,2024,2025,-4.100760920393294,0.31985374393422045,0.025127884105562912,-3.7557792923535094
DGX,2020,2021,5.108179975725773,4.221160193304933,0.4579205162876798,9.7872606853184
DGX,2021,2022,-14.949843434475502,-0.6825375652717726,0.726293513441994,-14.906087486305289
DGX,2022,2023,-0.5372095086802711,-2.2770928785790927,0.3018687600491496,-2.51243362721022
DGX,2023,2024,-0.5961795532965849,-1.01148155829781,0.9175489153493736,-0.6901121962450102
DGX,2024,2025,0.24982535578366347,1.4267844188852434,-0.6915827387215178,0.9850270359473695
DHR,2020,2021,3.3263331587396654,2.203926894484909,-0.4561972610158003,5.074062792208771
DHR,2021,2022,3.0829567616809097,-1.6443029083487986,-1.2869599740443736,0.1516938792877287
DHR,2022,2023,-3.478096235151466,-1.2714463912243872,-0.7378468668807827,-5.48738949325663
DHR,2023,2024,-1.6765121267949947,0.7169024931465452,-0.07746289735281024,-1.0370725310012596
DHR,2024,2025,-0.7695643140342341,-0.3314290258066091,0.11041649185348247,-0.9905768479873609
DXCM,2020,2021,-18.87912096706243,1.936508426582767,0.5396681310294903,-16.40294440945017
DXCM,2021,2022,3.673609907889582,1.1045811080621786,0.605643632830957,5.38383464878273
DXCM,2022,2023,5.0114284869447845,1.4337240300561007,3.7267183321979878,10.17187084919887
DXCM,2023,2024,-1.214112671617404,1.9530142302110143,0.48814008638788664,1.2270416449814914
DXCM,2024,2025,6.655168677010264,4.900051225881992,-8.504178598570206,3.051041304322072
ELV,2020,2021,2.446771639663614,0.1681967776866397,0.5408757578037173,3.155844175153999
ELV,2021,2022,-2.6072099366281547,1.1462460956845846,0.796071204380526,-0.6648926365630692
ELV,2022,2023,-1.1703003406645847,0.49855623898636403,-0.3589353475978052,-1.0306794492759896
ELV,2023,2024,-0.5009634944278321,-0.5639792375997849,0.3073334278333021,-0.7576093041943205
ELV,2024,2025,-2.3600765676632087,1.0854089885382452,-0.2967096066399943,-1.5713771857649799
GILD,2020,2021,29.654735377803686,1.6235396005709175,-2.4082467384835256,28.870028239891077
GILD,2021,2022,-7.704553505011004,1.8483191307564384,-2.06995809584568,-7.92619247010026
GILD,2022,2023,5.018320164658206,0.24748928100798798,-2.074813956680959,3.1909954889852403
GILD,2023,2024,-25.65699809202088,1.6310367240057104,1.6985669479849363,-22.327394420030238
GILD,2024,2025,37.938749071426535,0.48253105263043,-3.420433933206673,35.0008461908503
HSIC,2020,2021,3.6421492785687715,1.7477766325924633,0.9732986416312314,6.363224552792469
HSIC,2021,2022,-3.0414233372236494,0.08334871405967874,0.14702107965006245,-2.8110535435139
HSIC,2022,2023,-3.1267809593510933,-3.098238443184357,1.9943842284642368,-4.230635174071249
HSIC,2023,2024,-1.0449402076645757,0.6968828958339736,0.46064123874536334,0.11258392691479019
HSIC,2024,2025,-0.22875176878025838,-0.6375433965813687,1.6370654042791737,0.7707702389175299
HUM,2020,2021,-4.501759445897751,-3.4907901107671946,1.7060841563935905,-6.286465400271368
HUM,2021,2022,-2.8603427614137464,2.5948230696667505,0.35216316759482386,0.08664347584785015
HUM,2022,2023,-4.295260090141313,0.7883664488295592,0.4858208791075758,-3.0210727622041715
HUM,2023,2024,-9.031954728215617,1.3205038117094943,-0.22317718196908876,-7.934628098475249
HUM,2024,2025,-0.7904364289040745,0.3198418147991783,-0.17218797714738573,-0.6427825912522195
IDXX,2020,2021,7.474620307691807,11.1683887621042,-2.7335555654381323,15.909453504357884
IDXX,2021,2022,-15.323976633474787,-8.113027903943014,27.04424573884171,3.607241201423883
IDXX,2022,2023,11.543042546053748,-7.406002376266378,-58.77088240519903,-54.63384223541168
IDXX,2023,2024,-0.7420986493714827,2.950433042201587,-3.476814626919557,-1.2684802340894419
IDXX,2024,2025,4.705856462982847,4.968196918732607,0.665695425293165,10.339748807008597
INCY,2020,2021,38.797306919720256,-1.9547375838393253,-0.35741073686560965,36.485158599015314
INCY,2021,2022,-17.048128963708756,-0.6662416242694985,0.34830861816423314,-17.366061969814016
INCY,2022,2023,4.566094570512934,-0.6274539631808241,-0.21905843678408712,3.719582170548019
INCY,2023,2024,-14.793179274762219,2.779295195612393,1.4451035768517277,-10.56878050229809
INCY,2024,2025,26.94953423481852,-0.7380148691383095,-2.2585388218851485,23.95298054379505
ISRG,2020,2021,2.5595498305436695,0.9610216859307904,-0.09615391386014285,3.4244176026143105
ISRG,2021,2022,-4.483739340754584,1.723066204827152,0.41292147404138363,-2.347751661886051
ISRG,2022,2023,2.1903503286728734,-0.4946946391499623,-0.1598734191069711,1.5357822704159487
ISRG,2023,2024,1.3410108792253945,-0.4806360692967636,-0.2382979716887043,0.6220768382399322
ISRG,2024,2025,0.3045805906653173,1.4896762722949866,0.09592923916515636,1.890186102125449
LH,2020,2021,5.521273651601009,2.506284092247274,-1.3772641042566047,6.65029363959167
LH,2021,2022,-5.442367692441703,-5.135239751282494,0.10588554192076244,-10.471721901803429
LH,2022,2023,-9.964431516840705,2.017787007189149,0.5859598976070776,-7.36068461204448
LH,2023,2024,3.631091674593944,-0.1959159968577645,0.5214366332836249,3.95661231101981
LH,2024,2025,0.8866040816945031,0.6727431371873683,-0.6554466538617527,0.9039005650201104
LLY,2020,2021,-20.884077798324846,8.38356618782453,-35.123165789116186,-47.62367739961649
LLY,2021,2022,6.326568696632681,-0.36756543290059984,-9.483835824443124,-3.5248325607110553
LLY,2022,2023,-19.13392051350586,-4.264836200503607,13.409835008328741,-9.98892170568071
LLY,2023,2024,25.805224270560988,4.340819157668106,-4.593609434858949,25.55243399337015
LLY,2024,2025,22.899256560938973,0.9710285775065257,-20.287459532025004,3.582825606420481
MDT,2020,2021,-2.6518373940627513,0.1214834441611722,0.10322748398354693,-2.4271264659180307
MDT,2021,2022,2.336590908423718,0.6094474275202082,-0.36900248805629465,2.5770358478876196
MDT,2022,2023,-2.33957942682913,-0.12015222836630039,0.17044815368190783,-2.2892835015135087
MDT,2023,2024,-0.422914197458682,0.33973242849834817,0.10435239056282228,0.021170621602480122
MDT,2024,2025,1.7069843756261076,0.14339515051667032,0.5365991078524431,2.3869786339952292
MRK,2020,2021,14.253608803742681,0.5186592052599511,-8.512318275954584,6.259949733048059
MRK,2021,2022,-2.963522383743981,5.430131482374055,-5.071388614811108,-2.6047795161810496
MRK,2022,2023,-34.45785470685803,0.6498701568320034,3.2099999499602463,-30.597984600065768
MRK,2023,2024,38.88751024955107,-0.560065321619885,-2.3392953387881184,35.988149589143056
MRK,2024,2025,1.8401629764056886,-5.123618438898819,1.0235343480951407,-2.259921114397984
MRNA,2020,2021,147.81090394542832,-29.363805544315635,-3.015107346231111,115.43199105488159
MRNA,2021,2022,-26.19161144281557,-0.3248292500201903,-16.01980810466901,-42.536248797504776
MRNA,2022,2023,-84.12139006278167,6.287675763269747,0.07999167714507807,-77.75372262236684
MRNA,2023,2024,-16.267872287441758,16.76533517082798,0.8620832937670195,1.3595461771532313
MRNA,2024,2025,-9.213359091378095,12.410149740869103,-3.1543402830029246,0.04245036648808931
PFE,2020,2021,4.333701944931247,10.435294913831756,-0.782538631222697,13.986458227540318
PFE,2021,2022,4.458000986023417,3.9063104761556255,-4.039176017458219,4.325135444720818
PFE,2022,2023,-24.3496317886105,-9.584636271962113,3.519818554147157,-30.414449506425456
PFE,2023,2024,6.3078330277393,0.7042225207670973,-0.287447481909529,6.7246080665968595
PFE,2024,2025,-0.1474634217969205,0.07448817988154148,-0.04584889668553851,-0.11882413860090923
PODD,2020,2021,1.345561486761937,0.20872908521446143,0.33908880065830105,1.8933793726347001
PODD,2021,2022,-2.764843430936433,0.16772068910128834,0.542744626142412,-2.05437811569273
PODD,2022,2023,30.01845768366374,1.8698151314371338,-4.697713118307558,27.190559696793333
PODD,2023,2024,16.196832938041336,0.7381136928793107,-10.566485898551594,6.368460732369052
PODD,2024,2025,-19.49762568426446,6.141129078008837,-4.860020828342622,-18.216517434598252
REGN,2020,2021,7.280671517425994,9.101108207589624,-5.221545484108283,11.160234240907318
REGN,2021,2022,-10.141113959989035,-12.23543742539919,-1.5063233911502283,-23.88287477653845
REGN,2022,2023,-2.8651879130349873,-0.8491589467781655,-0.20600250900753014,-3.9203493688206885
REGN,2023,2024,0.45970605652881774,-0.7995390696231092,0.15049875954667033,-0.18933425354761002
REGN,2024,2025,0.15947116969549324,-0.9075214839972454,0.12797962752282102,-0.6200706867789313
RMD,2020,2021,-7.089659411520049,0.9859008683596046,-2.349364814185267,-8.45312335734572
RMD,2021,2022,7.542675924956279,0.7502286596541581,-1.5440022282629247,6.74890235634752
RMD,2022,2023,-0.5532423310174617,-2.599837056708705,1.6938346287376602,-1.4592447589884983
RMD,2023,2024,0.5338093640646178,1.845452014015017,-3.122601628667156,-0.7433402505875208
RMD,2024,2025,4.9520606753056935,-1.7782727862994423,-0.6924346957614111,2.481353193244831
RVTY,2020,2021,4.173287634620136,-10.210897040582164,-0.2409180343047143,-6.2785274402667515
RVTY,2021,2022,-3.6644367250315732,-0.8752346558251446,-0.9580592914701105,-5.4977306723268295
RVTY,2022,2023,3.1885364305727157,-1.2141135746247926,-0.8801497468927142,1.0942731090552105
RVTY,2023,2024,-5.456800406813847,0.573810739128345,-0.3940661330481078,-5.27705580073361
RVTY,2024,2025,-0.515424701077786,0.18634450223338755,0.12915985730421634,-0.19992034154018012
STE,2020,2021,-0.5603469976433121,-1.8218958521713389,0.6508067226859225,-1.7314361271287297
STE,2021,2022,-5.616445719081678,-1.1087345602220813,0.2190630322900861,-6.50611724701367
STE,2022,2023,-2.1430861043291225,0.12052363274261634,0.05019786110469932,-1.9723646104818102
STE,2023,2024,3.906429276790218,0.38869203964373467,-0.05456270116166747,4.24055861527229
STE,2024,2025,3.210081196028178,1.1223537409397233,-1.0268405116588983,3.3055944253090006
TMO,2020,2021,-0.0817104360562477,-2.3252193720790233,2.869489927319831,0.4625601191845685
TMO,2021,2022,-4.194824990479487,2.002509668130571,-0.9414009910396273,-3.1337163133885486
TMO,2022,2023,-1.4388166452636946,-0.8981863025562179,-0.6387080419815737,-2.9757109898014806
TMO,2023,2024,0.7001522691416413,0.1902047487618491,-0.9417034456018609,-0.0513464276983705
TMO,2024,2025,0.23132963602147835,-1.1053262355935316,0.6503594296206987,-0.22363716995136007
UHS,2020,2021,-0.6305244717487306,1.848831638854527,0.12214416994891647,1.34045133705471
UHS,2021,2022,-6.076341272227149,0.39085377723109316,0.813515449277556,-4.8719720457185
UHS,2022,2023,-0.03718047231469369,0.33828640405843874,-0.03893865357833283,0.2621672781654205
UHS,2023,2024,5.145434341320467,0.9687552335035601,-0.6549129033342674,5.45927667148977
UHS,2024,2025,3.232749480261981,0.41547821193488416,-0.3185418100350006,3.3296858821618702
UNH,2020,2021,0.07953851143292037,0.9294932911211149,-0.44105876271214783,0.5679730398418903
UNH,2021,2022,0.8040365333199507,-0.6718700978299333,1.651091572610882,1.7832580081008604
UNH,2022,2023,-0.7698272213735974,0.7322137957129179,-0.6165564074915554,-0.6541698331522183
UNH,2023,2024,-10.310306585953883,-0.23773721458956545,0.8781384073727491,-9.669905393170703
UNH,2024,2025,-4.106003984245918,1.061789401757662,0.30833742861533553,-2.735877153872929
VEEV,2020,2021,-0.8745903711586289,-0.18114211690301027,-0.255800933603173,-1.3115334216648207
VEEV,2021,2022,-1.8236881538958916,0.12937160733637876,-0.39418130267528384,-2.088497849234799
VEEV,2022,2023,-0.2805742127002792,-1.082595814858873,-0.1919154402281737,-1.5550854677873205
VEEV,2023,2024,-0.21209571632989874,-1.4011485370781365,-0.192272233982486,-1.8055164873905196
VEEV,2024,2025,1.841619241209088,-0.7835076325178748,-0.1318123545663033,0.9262992541249113
VRTX,2020,2021,-9.355595982388776,1.7936408054611133,-0.4652641343113777,-8.027219311239039
VRTX,2021,2022,4.365912014324589,-3.2231654806251857,-0.4543909696862589,0.6883555640131295
VRTX,2022,2023,-0.3138864774124418,-2.774581224082048,-0.2001592042986842,-3.288626905793171
VRTX,2023,2024,-25.575159711492358,1.1483598417481549,0.574019242910846,-23.852780626833347
VRTX,2024,2025,24.84451015854048,-0.40587849666883624,0.004151842014223488,24.442783503885867
WST,2020,2021,8.59654998015944,2.4807579930349872,-1.4076545978175223,9.669653375376907
WST,2021,2022,-3.517351989198377,-1.7009443782774045,-1.297419829042349,-6.515716196518129
WST,2022,2023,-0.18733987613659778,-0.7546138620176274,-0.28307312573853055,-1.2250268638927586
WST,2023,2024,-3.2448965405731314,0.5940733751869575,0.42237253185213086,-2.2284506335340404
WST,2024,2025,-0.9919992290084506,-1.6582627720282246,-0.17359196334648846,-2.82385396438318
ZBH,2020,2021,4.38360247920752,0.01239913693262508,-0.08491499834648253,4.311086617793659
ZBH,2021,2022,-1.424138123723044,0.31957741659326694,-0.1423830520929654,-1.2469437592227497
ZBH,2022,2023,6.1506547420802,0.21651286194969951,-0.0874448620026205,6.279722742027291
ZBH,2023,2024,-1.2556834126089451,0.3395911001884069,-0.03980798404473624,-0.9559002964652799
ZBH,2024,2025,-2.025610897517901,-0.05245828728779427,0.38214415474570573,-1.6959250300599908
ZTS,2020,2021,2.895294719873518,5.827546757771198,-7.344432504270563,1.37840897337414
ZTS,2021,2022,-0.05786859224179245,-1.5235051766127672,4.734080543793377,3.1527067749388293
ZTS,2022,2023,2.2587963313668453,4.742598393102086,-8.084169247298398,-1.0827745228294772
ZTS,2023,2024,-1.0510239191236947,4.1296042197150715,2.130675231763679,5.209255532355056
ZTS,2024,2025,3.3064746520720187,-4.005914573720447,28.82821182298563,28.128771901337235
