ticker,2020,2021,2022,2023,2024,2025
AMGN,77.20267828674673,87.95522388059702,178.96749521988528,107.78241335044929,69.59332993023651,89.06213906213907
IDXX,92.04034881219071,107.9498023165486,111.55704351797249,56.92320128256081,55.654721048471366,65.99446985547996
LLY,109.78623085649461,62.16255345687812,58.63772089616707,48.64879919048636,74.2012331838565,77.78405879027699
ABBV,35.30131538696849,74.90913811007269,68.59858583516866,46.940154440154444,128.66165413533835,
ZTS,43.45980366144866,44.8382126348228,47.99091940976163,46.90814488693215,52.11740041928721,80.24617232062444
MRK,27.91404984792827,34.17399958097633,31.569220064795278,0.9712354647295101,36.95938505387256,34.699463939474576
REGN,31.86489256528167,43.02512680618899,19.14225202965054,15.22190266082985,15.03256840728224,14.412497720503309
DXCM,27.024363536819052,10.62141912736888,16.00525377615161,26.17712462535048,27.40416627033197,30.455207574654043
RMD,24.89656699747339,16.44344364012767,23.19234599647519,21.73310123748669,20.98976098689917,23.471114180144
A,,22.453145295973272,23.63807728557964,21.214713430282288,21.85486605629026,19.32947633882213
UNH,23.519262188697677,24.08723522853957,25.870493236640428,25.21632340348821,15.54641801031751,12.81054085644458
WST,18.66810461040711,28.337757985784016,21.82204178926589,20.59701492537313,18.36856429183909,15.54471032745591
ALGN,54.91534124028059,21.31054231716884,10.03990716835149,12.25876183621545,10.93882764340982,10.13425790666528
VRTX,31.21632822213013,23.18910891089109,23.87746447490422,20.58883756911105,-3.2639430577223,21.17884044616357
GILD,0.67574991759147,29.545778157482548,21.61958568738229,24.81058117636753,2.48318675633729,37.48403294718759
DGX,21.17177097203728,30.95903165735568,16.05294417105039,13.54051054384017,12.85039834759516,13.83542538354253
ABT,13.71095656417764,19.75029327970504,18.898217303603552,14.82527264720358,28.117656931856327,12.5148666794552
PFE,14.483380246054582,28.469838473594898,32.79497391831572,2.38052441189026,9.10513247848712,8.986308339886211
UHS,14.942713054281159,16.28316439133587,11.41119234561737,11.67335962378279,17.13263629527256,20.46232217743443
TMO,18.4745124177703,18.93707253695487,15.80335622356632,12.827645233764839,12.77629880606647,12.55266163611511
HUM,24.52651515151515,18.24004975124378,18.32669322709163,15.30562046488746,7.37099236641221,6.728209775159991
ELV,13.7714991415404,16.927343316694397,16.26245068013133,15.23177123085534,14.474161926661019,12.90278474089604
VEEV,18.07871546127087,16.76718203960605,14.67868419037125,13.123598722583928,11.31808223519341,12.24438148931832
PODD,1.12657388999337,3.01995326262807,0.9655751469353401,28.15613484372867,34.524595576097724,16.30807814149947
HSIC,12.0601331114411,18.42335766423357,15.612304120719669,11.38166894664842,11.49425287356321,12.26502311248074
ISRG,10.89862816626419,14.323045768878501,11.97529410699245,13.511076377408399,14.133153215648331,16.02333931777378
TECH,16.601312489501822,8.98353200411268,15.98635538292483,14.50600961293983,8.12552867535104,
LH,16.49004938219274,23.14034302178441,12.66862111998098,5.3079365079365,9.26454881895631,10.168449383976421
CI,16.808092049045133,11.387756834776699,15.006155567991039,11.17192739545248,8.36887383325616,14.28091961738546
COO,6.23333159023165,42.41983347258636,5.3773782145097195,3.8962758912962805,4.85315585026102,4.550364733156121
DHR,9.16863652366343,14.242699315872201,14.39439319515993,8.9070037019033,7.86993117090204,6.87935432291468
INCY,-11.32388556057823,25.161273038437088,7.79521106862307,11.51479323917109,0.946012736873,24.89899328066805
CRL,17.22801737631951,15.424448284296318,16.33663083574097,13.19542870741937,0.6414265710588699,-4.5609755326847
RVTY,19.48570630053551,13.207178860268758,7.70944818794193,8.80372129699714,3.5266654962635298,3.32674515472335
MDT,9.43887104085775,7.01174457493972,9.58878042282734,7.29949692131383,7.32066754291631,9.70764617691154
CVS,10.34602026257764,10.53613053613053,6.03198589598287,10.91275290671061,6.10640550555849,2.35062621320498
STE,11.971091472800829,10.2396553456721,3.73353809865843,1.76117348817662,6.0017321034489095,9.30732652875791
BDX,3.67767725646959,8.83557883177767,7.036626849141681,5.7528298961079205,6.585554268057161,6.60890114218196
BMY,-23.8353339326318,19.45696322261169,20.36959531244969,27.268093781855253,-54.77808386899296,38.1854598603367
ZBH,-1.13906611339817,3.1720205043954897,1.92507674517274,8.204799487200031,7.24889919073475,5.55297416067476
CNC,7.0150933147091905,5.027057286807239,4.996466724861779,10.45665634674922,12.514199166982202,-33.4486042199168
MRNA,-29.16829363529871,86.2636974195829,43.72744862207812,-34.02627400028872,-32.66672782313549,-32.6242774566474
BAX,12.682702267234431,14.14564283353531,-41.710954911709244,31.611521066412752,-9.31935669155657,-15.61429270680372
