ticker,collector_years,research_usable_years,recorded_errors,hw4_years,hw4_five_years,hw4_six_years,hw4_unflagged_years,hw4_error
ABT,6,6,,6,True,True,6,
ABBV,6,4,,6,True,True,5,
A,4,4,,5,True,False,5,
ALGN,6,6,,6,True,True,6,
AMGN,6,6,,6,True,True,6,
BAX,6,6,,6,True,True,6,
BDX,6,6,,6,True,True,6,
TECH,5,5,Missing ['StockholdersEquity'] for instant to 2024-06-30 | Missing/ambiguous inline XBRL DocumentFiscalYearFocus; manual review required,5,True,False,5,
BIIB,4,4,Missing ['StockholdersEquity'] for instant to 2023-12-31 | Missing ['StockholdersEquity'] for instant to 2024-12-31,4,False,False,4,
BSX,0,0,No annual NetIncomeLoss filings found,4,False,False,4,
BMY,6,6,,6,True,True,6,
CAH,6,2,Missing/ambiguous inline XBRL DocumentFiscalYearFocus; manual review required | No bounded standalone Item 1A heading; manual review required,6,True,True,2,
COR,6,1,,6,True,True,1,
CNC,0,0,"Conflicting revenue concepts: [[103800000000.0, ""RevenueFromContractWithCustomerExcludingAssessedTax""], [111115000000.0, ""Revenues""]] | Conflicting revenue concepts: [[117983000000.0, ""RevenueFromContractWithCustomerExcludingAssessedTax""], [125982000000.0, ""Revenues""]] | Conflicting revenue concepts: [[135479000000.0, ""RevenueFromContractWithCustomerExcludingAssessedTax""], [144547000000.0, ""Revenues""]] | Conflicting revenue concepts: [[140095000000.0, ""RevenueFromContractWithCustomerExcludingAssessedTax""], [153999000000.0, ""Revenues""], [153999000000.0, ""RevenueFromContractWithCustomerIncludingAssessedTax""]] | Conflicting revenue concepts: [[145505000000.0, ""RevenueFromContractWithCustomerExcludingAssessedTax""], [163071000000.0, ""Revenues""], [163071000000.0, ""RevenueFromContractWithCustomerIncludingAssessedTax""]] | Conflicting revenue concepts: [[174581000000.0, ""RevenueFromContractWithCustomerExcludingAssessedTax""], [194777000000.0, ""Revenues""], [194777000000.0, ""RevenueFromContractWithCustomerIncludingAssessedTax""]]",6,True,True,6,
CRL,6,6,,6,True,True,6,
CI,1,1,,6,True,True,6,
COO,6,6,,6,True,True,6,
CVS,6,6,,6,True,True,6,
DHR,6,6,,6,True,True,6,
DVA,5,4,Missing/ambiguous inline XBRL DocumentPeriodEndDate; manual review required,6,True,True,4,
DXCM,5,5,Missing ['StockholdersEquity'] for instant to 2019-12-31,6,True,True,6,
EW,3,3,,4,False,False,4,
ELV,6,6,,6,True,True,6,
GEHC,3,3,,4,False,False,4,
GILD,6,6,,6,True,True,6,
HCA,0,0,Filing report period disagrees with selected financial period,6,True,True,1,
HSIC,6,6,,6,True,True,6,
HUM,0,0,"Conflicting revenue concepts: [[106374000000.0, ""Revenues""], [4033000000.0, ""RevenueFromContractWithCustomerIncludingAssessedTax""]] | Conflicting revenue concepts: [[117761000000.0, ""Revenues""], [4431000000.0, ""RevenueFromContractWithCustomerIncludingAssessedTax""]] | Conflicting revenue concepts: [[129664000000.0, ""Revenues""], [5833000000.0, ""RevenueFromContractWithCustomerIncludingAssessedTax""]] | Conflicting revenue concepts: [[77155000000.0, ""Revenues""], [1815000000.0, ""RevenueFromContractWithCustomerIncludingAssessedTax""]] | Conflicting revenue concepts: [[83064000000.0, ""Revenues""], [3055000000.0, ""RevenueFromContractWithCustomerIncludingAssessedTax""]] | Conflicting revenue concepts: [[92870000000.0, ""Revenues""], [4776000000.0, ""RevenueFromContractWithCustomerIncludingAssessedTax""]]",6,True,True,6,
IDXX,6,6,,6,True,True,6,
INCY,6,6,,6,True,True,6,
PODD,5,5,"Conflicting revenue concepts: [[1055400000.0, ""RevenueFromContractWithCustomerExcludingAssessedTax""], [1305300000.0, ""Revenues""]]",6,True,True,6,
ISRG,6,6,,6,True,True,6,
IQV,3,3,Filing report period disagrees with selected financial period | Missing ['StockholdersEquity'] for instant to 2021-12-31 | Missing ['StockholdersEquity'] for instant to 2022-12-31 | Missing ['StockholdersEquity'] for instant to 2023-12-31,4,False,False,4,
JNJ,0,0,Missing ['StockholdersEquity'] for instant to 2019-12-29 | Missing ['StockholdersEquity'] for instant to 2021-01-03 | Missing ['StockholdersEquity'] for instant to 2022-01-02 | Missing ['StockholdersEquity'] for instant to 2023-01-01 | Missing ['StockholdersEquity'] for instant to 2023-12-31 | Missing ['StockholdersEquity'] for instant to 2024-12-29,0,False,False,0,
LH,6,6,,6,True,True,6,
LLY,6,6,,6,True,True,6,
MCK,6,1,Missing/ambiguous inline XBRL DocumentFiscalYearFocus; manual review required | No bounded standalone Item 1A heading; manual review required,6,True,True,1,
MDT,6,6,,6,True,True,6,
MRK,6,6,,6,True,True,6,
MTD,6,3,,6,True,True,2,
MRNA,6,6,Missing/ambiguous inline XBRL DocumentFiscalYearFocus; manual review required,6,True,True,6,
PFE,6,6,,6,True,True,6,
DGX,6,6,,6,True,True,6,
REGN,6,6,,6,True,True,6,
RMD,4,4,Filing report period disagrees with selected financial period | Missing/ambiguous inline XBRL DocumentFiscalYearFocus; manual review required,6,True,True,6,
RVTY,6,6,,6,True,True,6,
SOLV,2,2,,3,False,False,3,
STE,1,1,Missing/ambiguous inline XBRL DocumentPeriodEndDate; manual review required | No bounded standalone Item 1A heading; manual review required,6,True,True,6,
SYK,0,0,Missing ['StockholdersEquity'] for instant to 2019-12-31 | Missing ['StockholdersEquity'] for instant to 2020-12-31 | Missing ['StockholdersEquity'] for instant to 2021-12-31 | Missing ['StockholdersEquity'] for instant to 2022-12-31 | Missing ['StockholdersEquity'] for instant to 2023-12-31 | Missing ['StockholdersEquity'] for instant to 2024-12-31,0,False,False,0,
TMO,1,1,,6,True,True,6,
UNH,0,0,Missing ['StockholdersEquity'] for instant to 2019-12-31 | Missing ['StockholdersEquity'] for instant to 2020-12-31 | Missing ['StockholdersEquity'] for instant to 2021-12-31 | Missing ['StockholdersEquity'] for instant to 2022-12-31 | Missing ['StockholdersEquity'] for instant to 2023-12-31 | Missing ['StockholdersEquity'] for instant to 2024-12-31,6,True,True,6,
UHS,0,0,Filing report period disagrees with selected financial period,6,True,True,6,
VEEV,6,6,Missing/ambiguous inline XBRL DocumentFiscalYearFocus; manual review required,6,True,True,6,
VRTX,5,5,Missing ['StockholdersEquity'] for instant to 2019-12-31,6,True,True,6,
VTRS,0,0,No annual NetIncomeLoss filings found,0,False,False,0,
WAT,0,0,Filing report period disagrees with selected financial period,3,False,False,3,
WST,6,6,,6,True,True,6,
ZBH,0,0,Filing report period disagrees with selected financial period,6,True,True,6,
ZTS,6,6,,6,True,True,6,
