Symbol,CIK_Padded
MMM,0000066740
AOS,0000091142
ALLE,0001579241
AME,0001037868
ADP,0000008670
AXON,0001069183
BA,0000012927
BR,0001383312
BLDR,0001316835
CHRW,0001043277
CARR,0001783180
CAT,0000018230
CTAS,0000723254
FIX,0001035983
CPRT,0000900075
CSX,0000277948
CMI,0000026172
DE,0000315189
DAL,0000027904
DOV,0000029905
DD,0001666700
ETN,0001551182
EME,0000105634
EMR,0000032604
EFX,0000033185
EXPD,0000746515
FAST,0000815556
FDX,0001048911
FDXF,0002082247
FERG,0002011641
FTV,0001659166
GE,0000040545
GEV,0001996810
GNRC,0001474735
GD,0000040533
HONA,0002089271
HON,0000773840
HWM,0000004281
HUBB,0000048898
HII,0001501585
IEX,0000832101
ITW,0000049826
IR,0001699150
JBHT,0000728535
J,0000052988
JCI,0000833444
LHX,0000202058
LDOS,0001336920
LII,0001069202
LMT,0000936468
MAS,0000062996
NDSN,0000072331
NSC,0000702165
NOC,0001133421
ODFL,0000878927
OTIS,0001781335
PCAR,0000075362
PH,0000076334
PAYX,0000723531
PNR,0000077360
PWR,0001050915
RTX,0000101829
RSG,0001060391
ROK,0001024478
ROL,0000084839
SNA,0000091440
LUV,0000092380
SWK,0000093556
TXT,0000217346
TT,0001466258
TDG,0001260221
UBER,0001543151
UNP,0000100885
UAL,0000100517
UPS,0001090727
URI,0001067701
VLTO,0001967680
VRSK,0001442145
VRT,0001674101
GWW,0000277135
WAB,0000943452
WM,0000823768
XYL,0001524472
