fiscal_year,period_start,period_end,accession_number,filing_date,net_income,net_income_tag,revenue,revenue_tag,assets,assets_tag,equity,equity_tag,roe,profit_margin,asset_turnover,equity_multiplier,equity_warning,negative_equity,ticker,cik,source_url,company_name,rank,group
2025,2025-01-01,2025-12-31,0000318154-26-000010,2026-02-13,7711000000,NetIncomeLoss,36751000000,RevenueFromContractWithCustomerExcludingAssessedTax,90586000000,Assets,8658000000,StockholdersEquity,0.8906213906213907,0.2098174199341514,0.4057028679928465,10.462693462693462,False,False,AMGN,318154,https://www.sec.gov/Archives/edgar/data/318154/000031815426000010/0000318154-26-000010.txt,Amgen Inc.,1,Top 10
2025,2025-01-01,2025-12-31,0001555280-26-000011,2026-02-12,2673000000,NetIncomeLoss,9467000000,Revenues,15467000000,Assets,3331000000,StockholdersEquity,0.8024617232062444,0.2823492130558783,0.6120773259197,4.643350345241669,False,False,ZTS,1555280,https://www.sec.gov/Archives/edgar/data/1555280/000155528026000011/0001555280-26-000011.txt,Zoetis Inc.,2,Top 10
2025,2025-01-01,2025-12-31,0000059478-26-000013,2026-02-12,20640000000,NetIncomeLoss,65179000000,Revenues,112476000000,Assets,26535000000,StockholdersEquity,0.7778405879027699,0.3166664109605854,0.5794925139585334,4.238778971170152,False,False,LLY,59478,https://www.sec.gov/Archives/edgar/data/59478/000005947826000013/0000059478-26-000013.txt,ELI LILLY AND COMPANY,3,Top 10
2025,2025-01-01,2025-12-31,0000874716-26-000038,2026-02-20,1059464000,NetIncomeLoss,4303702000,RevenueFromContractWithCustomerExcludingAssessedTax,3350759000,Assets,1605383000,StockholdersEquity,0.6599446985547996,0.2461750372121489,1.2843961621829565,2.087202243950509,False,False,IDXX,874716,https://www.sec.gov/Archives/edgar/data/874716/000087471626000038/0000874716-26-000038.txt,IDEXX LABORATORIES INC /DE,4,Top 10
2025,2025-01-01,2025-12-31,0000014272-26-000004,2026-02-11,7054000000,NetIncomeLoss,48194000000,Revenues,90038000000,Assets,18473000000,StockholdersEquity,0.381854598603367,0.1463667676474249,0.5352628890024212,4.874032371569317,False,False,BMY,14272,https://www.sec.gov/Archives/edgar/data/14272/000001427226000004/0000014272-26-000004.txt,BRISTOL-MYERS SQUIBB COMPANY,5,Top 10
2025,2025-01-01,2025-12-31,0000882095-26-000006,2026-02-24,8510000000,NetIncomeLoss,29443000000,RevenueFromContractWithCustomerExcludingAssessedTax,59023000000,Assets,22703000000,StockholdersEquity,0.3748403294718759,0.2890330469041877,0.4988394354743066,2.599788574197243,False,False,GILD,882095,https://www.sec.gov/Archives/edgar/data/882095/000088209526000006/0000882095-26-000006.txt,"GILEAD SCIENCES, INC.",6,Top 10
2025,2025-01-01,2025-12-31,0000310158-26-000063,2026-02-24,18254000000,NetIncomeLoss,65011000000,Revenues,136866000000,Assets,52606000000,StockholdersEquity,0.3469946393947458,0.2807832520650351,0.4749974427542268,2.6017184351594875,False,False,MRK,310158,https://www.sec.gov/Archives/edgar/data/310158/000031015826000063/0000310158-26-000063.txt,"Merck & Co., Inc.",7,Top 10
2025,2025-01-01,2025-12-31,0001093557-26-000027,2026-02-12,836300000,NetIncomeLoss,4662000000,RevenueFromContractWithCustomerExcludingAssessedTax,6339900000,Assets,2746000000,StockholdersEquity,0.3045520757465404,0.1793865293865293,0.7353428287512421,2.3087764020393298,False,False,DXCM,1093557,https://www.sec.gov/Archives/edgar/data/1093557/000109355726000027/0001093557-26-000027.txt,"DEXCOM, INC.",8,Top 10
2025,2025-01-01,2025-12-31,0000879169-26-000010,2026-02-10,1286650000,NetIncomeLoss,5141242000,RevenueFromContractWithCustomerExcludingAssessedTax,6957973000,Assets,5167478000,StockholdersEquity,0.2489899328066805,0.2502605401574172,0.7388993892330424,1.3464930087752671,False,False,INCY,879169,https://www.sec.gov/Archives/edgar/data/879169/000087916926000010/0000879169-26-000010.txt,INCYTE CORPORATION,9,Top 10
2025,2024-07-01,2025-06-30,0000943819-26-000047,2026-08-13,1400723000,NetIncomeLoss,5146327000,RevenueFromContractWithCustomerExcludingAssessedTax,8174391000,Assets,5967859000,StockholdersEquity,0.23471114180144,0.2721791677831587,0.6295670221793893,1.3697359471797173,False,False,RMD,943819,https://www.sec.gov/Archives/edgar/data/943819/000094381926000047/0000943819-26-000047.txt,ResMed Inc.,10,Top 10
2025,2025-01-01,2025-12-31,0000049071-26-000009,2026-02-19,1188000000,NetIncomeLoss,129664000000,Revenues,48909000000,Assets,17657000000,StockholdersEquity,0.0672820977515999,0.0091621421520236,2.651127604326402,2.769949595061449,False,False,HUM,49071,https://www.sec.gov/Archives/edgar/data/49071/000004907126000009/0000049071-26-000009.txt,HUMANA INC,32,Bottom 10
2025,2024-10-01,2025-09-30,0000010795-25-000099,2025-11-25,1678000000,NetIncomeLoss,21840000000,Revenues,55325000000,Assets,25390000000,StockholdersEquity,0.0660890114218196,0.0768315018315018,0.3947582467239042,2.1790074832611266,False,False,BDX,10795,https://www.sec.gov/Archives/edgar/data/10795/000001079525000099/0000010795-25-000099.txt,"BECTON, DICKINSON AND COMPANY",33,Bottom 10
2025,2025-01-01,2025-12-31,0001193125-26-059853,2026-02-20,705100000,NetIncomeLoss,8231500000,RevenueFromContractWithCustomerExcludingAssessedTax,23091700000,Assets,12697700000,StockholdersEquity,0.0555297416067476,0.0856587499240721,0.3564700736628312,1.8185734424344568,False,False,ZBH,1136869,https://www.sec.gov/Archives/edgar/data/1136869/000119312526059853/0001193125-26-059853.txt,,34,Bottom 10
2025,2024-11-01,2025-10-31,0001628280-25-055615,2025-12-05,374900000,NetIncomeLoss,4092400000,RevenueFromContractWithCustomerExcludingAssessedTax,12394800000,Assets,8238900000,StockholdersEquity,0.0455036473315612,0.0916088358909197,0.3301707167521864,1.5044241342897715,False,False,COO,711404,https://www.sec.gov/Archives/edgar/data/711404/000162828025055615/0001628280-25-055615.txt,"The Cooper Companies, Inc.",35,Bottom 10
2025,2024-12-30,2025-12-28,0000031791-26-000012,2026-02-24,241201000,NetIncomeLoss,2856051000,RevenueFromContractWithCustomerExcludingAssessedTax,12168411000,Assets,7250360000,StockholdersEquity,0.0332674515472335,0.0844526235700973,0.2347102674293299,1.678318180062783,False,False,RVTY,31791,https://www.sec.gov/Archives/edgar/data/31791/000003179126000012/0000031791-26-000012.txt,"REVVITY, INC",36,Bottom 10
2025,2025-01-01,2025-12-31,0000064803-26-000010,2026-02-10,1768000000,NetIncomeLoss,402067000000,Revenues,253538000000,Assets,75214000000,StockholdersEquity,0.0235062621320498,0.0043972770707369,1.585825398954003,3.370888398436461,False,False,CVS,64803,https://www.sec.gov/Archives/edgar/data/64803/000006480326000010/0000064803-26-000010.txt,CVS HEALTH CORPORATION,37,Bottom 10
2025,2024-12-29,2025-12-27,0001100682-26-000022,2026-02-18,-144338000,NetIncomeLoss,4015382000,RevenueFromContractWithCustomerExcludingAssessedTax,7135422000,Assets,3164630000,StockholdersEquity,-0.045609755326847,-0.0359462686240063,0.5627392465365048,2.254741312570506,False,False,CRL,1100682,https://www.sec.gov/Archives/edgar/data/1100682/000110068226000022/0001100682-26-000022.txt,"CHARLES RIVER LABORATORIES INTERNATIONAL, INC.",38,Bottom 10
2025,2025-01-01,2025-12-31,0001628280-26-007733,2026-02-12,-957000000,NetIncomeLoss,11244000000,RevenueFromContractWithCustomerExcludingAssessedTax,20055000000,Assets,6129000000,StockholdersEquity,-0.1561429270680372,-0.0851120597652081,0.5606581899775617,3.272148800783162,False,False,BAX,10456,https://www.sec.gov/Archives/edgar/data/10456/000162828026007733/0001628280-26-007733.txt,BAXTER INTERNATIONAL INC.,39,Bottom 10
2025,2025-01-01,2025-12-31,0001682852-26-000033,2026-02-20,-2822000000,NetIncomeLoss,1944000000,RevenueFromContractWithCustomerExcludingAssessedTax,12338000000,Assets,8650000000,StockholdersEquity,-0.326242774566474,-1.4516460905349795,0.1575620035662182,1.4263583815028902,False,False,MRNA,1682852,https://www.sec.gov/Archives/edgar/data/1682852/000168285226000033/0001682852-26-000033.txt,"Moderna, Inc.",40,Bottom 10
2025,2025-01-01,2025-12-31,0001071739-26-000049,2026-02-17,-6674000000,NetIncomeLoss,194777000000,Revenues,76747000000,Assets,19953000000,StockholdersEquity,-0.334486042199168,-0.0342648259291394,2.5379102766231907,3.846389014183331,False,False,CNC,1071739,https://www.sec.gov/Archives/edgar/data/1071739/000107173926000049/0001071739-26-000049.txt,CENTENE CORPORATION,41,Bottom 10
