fiscal_year,period_start,period_end,accession_number,filing_date,net_income,net_income_tag,revenue,revenue_tag,assets,assets_tag,equity,equity_tag,roe,profit_margin,asset_turnover,equity_multiplier,equity_warning,negative_equity,ticker,cik,source_url,company_name
2020,2020-01-01,2020-12-31,0000059478-22-000068,2022-02-23,6193700000,NetIncomeLoss,24539800000,Revenues,46633100000,Assets,5641600000,StockholdersEquity,1.0978623085649462,0.2523940700413206,0.5262313678481594,8.265935195689167,False,False,LLY,59478,https://www.sec.gov/Archives/edgar/data/59478/000005947822000068/0000059478-22-000068.txt,ELI LILLY AND COMPANY
2020,2020-01-01,2020-12-31,0000874716-22-000007,2022-02-16,581776000,NetIncomeLoss,2706655000,RevenueFromContractWithCustomerExcludingAssessedTax,2294561000,Assets,632088000,StockholdersEquity,0.9204034881219072,0.2149427983987615,1.1795960098685545,3.630129032666338,False,False,IDXX,874716,https://www.sec.gov/Archives/edgar/data/874716/000087471622000007/0000874716-22-000007.txt,IDEXX LABORATORIES INC /DE
2020,2020-01-01,2020-12-31,0000318154-22-000010,2022-02-16,7264000000,NetIncomeLoss,25424000000,RevenueFromContractWithCustomerExcludingAssessedTax,62948000000,Assets,9409000000,StockholdersEquity,0.7720267828674673,0.2857142857142857,0.403888924191396,6.690190243383994,False,False,AMGN,318154,https://www.sec.gov/Archives/edgar/data/318154/000031815422000010/0000318154-22-000010.txt,Amgen Inc.
2020,2020-01-01,2020-12-31,0001097149-22-000011,2022-02-25,1775888000,NetIncomeLoss,2471941000,RevenueFromContractWithCustomerExcludingAssessedTax,4829683000,Assets,3233865000,StockholdersEquity,0.5491534124028059,0.7184184412168413,0.5118226185859404,1.493470815881306,False,False,ALGN,1097149,https://www.sec.gov/Archives/edgar/data/1097149/000109714922000011/0001097149-22-000011.txt,"ALIGN TECHNOLOGY, INC."
2020,2020-01-01,2020-12-31,0001555280-22-000078,2022-02-15,1638000000,NetIncomeLoss,6675000000,Revenues,13609000000,Assets,3769000000,StockholdersEquity,0.4345980366144866,0.2453932584269663,0.4904842383716658,3.6107720880870255,False,False,ZTS,1555280,https://www.sec.gov/Archives/edgar/data/1555280/000155528022000078/0001555280-22-000078.txt,Zoetis Inc.
2020,2020-01-01,2020-12-31,0001551152-22-000007,2022-02-18,4616000000,NetIncomeLoss,45804000000,RevenueFromContractWithCustomerExcludingAssessedTax,150565000000,Assets,13076000000,StockholdersEquity,0.3530131538696849,0.100777224696533,0.3042141267890944,11.514606913429184,False,False,ABBV,1551152,https://www.sec.gov/Archives/edgar/data/1551152/000155115222000007/0001551152-22-000007.txt,AbbVie Inc.
2020,2020-01-01,2020-12-31,0001804220-22-000007,2022-02-07,3513200000,NetIncomeLoss,8497100000,RevenueFromContractWithCustomerExcludingAssessedTax,17163300000,Assets,11025300000,StockholdersEquity,0.3186489256528167,0.4134587094420449,0.4950737911706956,1.556719545046393,False,False,REGN,872589,https://www.sec.gov/Archives/edgar/data/872589/000180422022000007/0001804220-22-000007.txt,"REGENERON PHARMACEUTICALS, INC."
2020,2020-01-01,2020-12-31,0000875320-22-000007,2022-02-09,2711700000,NetIncomeLoss,6205700000,RevenueFromContractWithCustomerExcludingAssessedTax,11751800000,Assets,8686800000,StockholdersEquity,0.3121632822213013,0.4369692379586509,0.5280637859732126,1.352834185200534,False,False,VRTX,875320,https://www.sec.gov/Archives/edgar/data/875320/000087532022000007/0000875320-22-000007.txt,VERTEX PHARMACEUTICALS INC / MA
2020,2020-01-01,2020-12-31,0000310158-22-000003,2022-02-25,7067000000,NetIncomeLoss,41518000000,Revenues,91588000000,Assets,25317000000,StockholdersEquity,0.2791404984792827,0.1702153282913435,0.4533126610472988,3.617648220563258,False,False,MRK,310158,https://www.sec.gov/Archives/edgar/data/310158/000031015822000003/0000310158-22-000003.txt,"Merck & Co., Inc."
2020,2020-01-01,2020-12-31,0001093557-22-000014,2022-02-14,493600000,NetIncomeLoss,1926700000,RevenueFromContractWithCustomerExcludingAssessedTax,4290500000,Assets,1826500000,StockholdersEquity,0.2702436353681905,0.2561893392847875,0.449061880899662,2.349028196003285,False,False,DXCM,1093557,https://www.sec.gov/Archives/edgar/data/1093557/000109355722000014/0001093557-22-000014.txt,"DEXCOM, INC."
2021,2021-01-01,2021-12-31,0000874716-23-000006,2023-02-16,744845000,NetIncomeLoss,3215360000,RevenueFromContractWithCustomerExcludingAssessedTax,2437203000,Assets,689992000,StockholdersEquity,1.079498023165486,0.2316521322651273,1.3192828008171662,3.532219214135816,False,False,IDXX,874716,https://www.sec.gov/Archives/edgar/data/874716/000087471623000006/0000874716-23-000006.txt,IDEXX LABORATORIES INC /DE
2021,2021-01-01,2021-12-31,0000318154-23-000017,2023-02-09,5893000000,NetIncomeLoss,25979000000,RevenueFromContractWithCustomerExcludingAssessedTax,61165000000,Assets,6700000000,StockholdersEquity,0.8795522388059701,0.2268370607028754,0.4247363688383879,9.12910447761194,False,False,AMGN,318154,https://www.sec.gov/Archives/edgar/data/318154/000031815423000017/0000318154-23-000017.txt,Amgen Inc.
2021,2021-01-01,2021-12-31,0001682852-23-000011,2023-02-24,12202000000,NetIncomeLoss,18471000000,Revenues,24669000000,Assets,14145000000,StockholdersEquity,0.862636974195829,0.660603107574035,0.7487534962908914,1.7440084835630965,False,False,MRNA,1682852,https://www.sec.gov/Archives/edgar/data/1682852/000168285223000011/0001682852-23-000011.txt,"Moderna, Inc."
2021,2021-01-01,2021-12-31,0001551152-23-000011,2023-02-17,11542000000,NetIncomeLoss,56197000000,RevenueFromContractWithCustomerExcludingAssessedTax,146529000000,Assets,15408000000,StockholdersEquity,0.7490913811007269,0.2053846290727263,0.3835213507223826,9.509929906542055,False,False,ABBV,1551152,https://www.sec.gov/Archives/edgar/data/1551152/000155115223000011/0001551152-23-000011.txt,AbbVie Inc.
2021,2021-01-01,2021-12-31,0000059478-23-000082,2023-02-22,5581700000,NetIncomeLoss,28318400000,Revenues,48806000000,Assets,8979200000,StockholdersEquity,0.6216255345687812,0.1971050624329058,0.5802237429824202,5.435450819672131,False,False,LLY,59478,https://www.sec.gov/Archives/edgar/data/59478/000005947823000082/0000059478-23-000082.txt,ELI LILLY AND COMPANY
2021,2021-01-01,2021-12-31,0001555280-23-000074,2023-02-14,2037000000,NetIncomeLoss,7776000000,Revenues,13900000000,Assets,4543000000,StockholdersEquity,0.448382126348228,0.2619598765432099,0.5594244604316547,3.0596522121945853,False,False,ZTS,1555280,https://www.sec.gov/Archives/edgar/data/1555280/000155528023000074/0001555280-23-000074.txt,Zoetis Inc.
2021,2021-01-01,2021-12-31,0001804220-23-000008,2023-02-06,8075300000,NetIncomeLoss,16071700000,RevenueFromContractWithCustomerExcludingAssessedTax,25434800000,Assets,18768800000,StockholdersEquity,0.4302512680618899,0.5024546252107742,0.6318783713652162,1.3551638890072888,False,False,REGN,872589,https://www.sec.gov/Archives/edgar/data/872589/000180422023000008/0001804220-23-000008.txt,"REGENERON PHARMACEUTICALS, INC."
2021,2020-11-01,2021-10-31,0000711404-22-000053,2022-12-09,2944700000,NetIncomeLoss,2922500000,RevenueFromContractWithCustomerExcludingAssessedTax,9606200000,Assets,6941800000,StockholdersEquity,0.4241983347258636,1.00759623609923,0.3042306010701422,1.3838197585640613,False,False,COO,711404,https://www.sec.gov/Archives/edgar/data/711404/000071140422000053/0000711404-22-000053.txt,"The Cooper Companies, Inc."
2021,2021-01-01,2021-12-31,0001628280-23-005061,2023-02-24,13049000000,NetIncomeLoss,48704000000,Revenues,105694000000,Assets,38184000000,StockholdersEquity,0.3417399958097633,0.2679246057818659,0.4608019376691203,2.768018018018018,False,False,MRK,310158,https://www.sec.gov/Archives/edgar/data/310158/000162828023005061/0001628280-23-005061.txt,"Merck & Co., Inc."
2021,2021-01-01,2021-12-31,0001022079-23-000018,2023-02-21,1995000000,NetIncomeLoss,10788000000,RevenueFromContractWithCustomerExcludingAssessedTax,13611000000,Assets,6444000000,StockholdersEquity,0.3095903165735568,0.1849276974416017,0.7925942252589817,2.1121973929236497,False,False,DGX,1022079,https://www.sec.gov/Archives/edgar/data/1022079/000102207923000018/0001022079-23-000018.txt,Quest Diagnostics Inc
2022,2022-01-01,2022-12-31,0000318154-24-000011,2024-02-14,6552000000,NetIncomeLoss,26323000000,RevenueFromContractWithCustomerExcludingAssessedTax,65121000000,Assets,3661000000,StockholdersEquity,1.7896749521988529,0.2489077992630019,0.4042167657130572,17.78776290630975,False,False,AMGN,318154,https://www.sec.gov/Archives/edgar/data/318154/000031815424000011/0000318154-24-000011.txt,Amgen Inc.
2022,2022-01-01,2022-12-31,0000874716-24-000057,2024-02-22,679089000,NetIncomeLoss,3367324000,RevenueFromContractWithCustomerExcludingAssessedTax,2746765000,Assets,608737000,StockholdersEquity,1.1155704351797249,0.2016702283474949,1.2259235864735425,4.512235990255234,False,False,IDXX,874716,https://www.sec.gov/Archives/edgar/data/874716/000087471624000057/0000874716-24-000057.txt,IDEXX LABORATORIES INC /DE
2022,2022-01-01,2022-12-31,0001551152-24-000011,2024-02-20,11836000000,NetIncomeLoss,58054000000,RevenueFromContractWithCustomerExcludingAssessedTax,138805000000,Assets,17254000000,StockholdersEquity,0.6859858583516866,0.2038791470010679,0.4182414178163611,8.044801205517562,False,False,ABBV,1551152,https://www.sec.gov/Archives/edgar/data/1551152/000155115224000011/0001551152-24-000011.txt,AbbVie Inc.
2022,2022-01-01,2022-12-31,0000059478-24-000065,2024-02-21,6244800000,NetIncomeLoss,28541400000,Revenues,49489800000,Assets,10649800000,StockholdersEquity,0.5863772089616707,0.2187979566524417,0.5767127771783277,4.647016845386768,False,False,LLY,59478,https://www.sec.gov/Archives/edgar/data/59478/000005947824000065/0000059478-24-000065.txt,ELI LILLY AND COMPANY
2022,2022-01-01,2022-12-31,0001555280-24-000143,2024-02-13,2114000000,NetIncomeLoss,8080000000,Revenues,14925000000,Assets,4405000000,StockholdersEquity,0.4799091940976163,0.2616336633663366,0.5413735343383584,3.388195232690125,False,False,ZTS,1555280,https://www.sec.gov/Archives/edgar/data/1555280/000155528024000143/0001555280-24-000143.txt,Zoetis Inc.
2022,2022-01-01,2022-12-31,0001682852-24-000015,2024-02-23,8362000000,NetIncomeLoss,19263000000,RevenueFromContractWithCustomerExcludingAssessedTax,25858000000,Assets,19123000000,StockholdersEquity,0.4372744862207812,0.4340964543425219,0.7449532059710727,1.3521936934581391,False,False,MRNA,1682852,https://www.sec.gov/Archives/edgar/data/1682852/000168285224000015/0001682852-24-000015.txt,"Moderna, Inc."
2022,2022-01-01,2022-12-31,0000078003-24-000039,2024-02-22,31372000000,NetIncomeLoss,100330000000,Revenues,197205000000,Assets,95661000000,StockholdersEquity,0.3279497391831572,0.3126881291737267,0.5087599198803275,2.0614984162824976,False,False,PFE,78003,https://www.sec.gov/Archives/edgar/data/78003/000007800324000039/0000078003-24-000039.txt,PFIZER INC
2022,2022-01-01,2022-12-31,0001628280-24-006850,2024-02-26,14519000000,NetIncomeLoss,59283000000,Revenues,109160000000,Assets,45991000000,StockholdersEquity,0.3156922006479528,0.2449100079280738,0.543083547086845,2.373507860233524,False,False,MRK,310158,https://www.sec.gov/Archives/edgar/data/310158/000162828024006850/0001628280-24-006850.txt,"Merck & Co., Inc."
2022,2022-01-01,2022-12-31,0000731766-24-000081,2024-02-28,20120000000,NetIncomeLoss,324162000000,Revenues,245705000000,Assets,77772000000,StockholdersEquityIncludingPortionAttributableToNoncontrollingInterest minus MinorityInterest,0.2587049323664043,0.0620677315663156,1.3193138112777518,3.1592989764953967,False,False,UNH,731766,https://www.sec.gov/Archives/edgar/data/731766/000073176624000081/0000731766-24-000081.txt,UnitedHealth Group Incorporated
2022,2022-01-01,2022-12-31,0000875320-24-000062,2024-02-15,3322000000,NetIncomeLoss,8930700000,RevenueFromContractWithCustomerExcludingAssessedTax,18150900000,Assets,13912700000,StockholdersEquity,0.2387746447490422,0.3719753210834537,0.4920251888336115,1.3046281455073423,False,False,VRTX,875320,https://www.sec.gov/Archives/edgar/data/875320/000087532024000062/0000875320-24-000062.txt,VERTEX PHARMACEUTICALS INC / MA
2023,2023-01-01,2023-12-31,0000318154-25-000010,2025-02-14,6717000000,NetIncomeLoss,28190000000,RevenueFromContractWithCustomerExcludingAssessedTax,97154000000,Assets,6232000000,StockholdersEquity,1.077824133504493,0.2382759843916282,0.2901578936533751,15.589537869062902,False,False,AMGN,318154,https://www.sec.gov/Archives/edgar/data/318154/000031815425000010/0000318154-25-000010.txt,Amgen Inc.
2023,2023-01-01,2023-12-31,0000874716-25-000037,2025-02-21,845042000,NetIncomeLoss,3660953000,RevenueFromContractWithCustomerExcludingAssessedTax,3259925000,Assets,1484530000,StockholdersEquity,0.5692320128256081,0.2308256893765093,1.1230175540848333,2.1959306986049456,False,False,IDXX,874716,https://www.sec.gov/Archives/edgar/data/874716/000087471625000037/0000874716-25-000037.txt,IDEXX LABORATORIES INC /DE
2023,2023-01-01,2023-12-31,0000059478-25-000067,2025-02-19,5240400000,NetIncomeLoss,34124100000,Revenues,64006300000,Assets,10771900000,StockholdersEquity,0.4864879919048636,0.1535688853332395,0.5331365818677224,5.941969383302853,False,False,LLY,59478,https://www.sec.gov/Archives/edgar/data/59478/000005947825000067/0000059478-25-000067.txt,ELI LILLY AND COMPANY
2023,2023-01-01,2023-12-31,0001551152-25-000020,2025-02-14,4863000000,NetIncomeLoss,54318000000,RevenueFromContractWithCustomerExcludingAssessedTax,134711000000,Assets,10360000000,StockholdersEquity,0.4694015444015444,0.0895283331492323,0.4032187423447231,13.00299227799228,False,False,ABBV,1551152,https://www.sec.gov/Archives/edgar/data/1551152/000155115225000020/0001551152-25-000020.txt,AbbVie Inc.
2023,2023-01-01,2023-12-31,0001555280-25-000102,2025-02-13,2344000000,NetIncomeLoss,8544000000,Revenues,14286000000,Assets,4997000000,StockholdersEquity,0.4690814488693215,0.2743445692883895,0.5980680386392272,2.858915349209526,False,False,ZTS,1555280,https://www.sec.gov/Archives/edgar/data/1555280/000155528025000102/0001555280-25-000102.txt,Zoetis Inc.
2023,2023-01-01,2023-12-31,0001628280-25-007201,2025-02-21,2656000000,NetIncomeLoss,10360000000,RevenueFromContractWithCustomerExcludingAssessedTax,28276000000,Assets,8402000000,StockholdersEquity,0.3161152106641275,0.2563706563706563,0.3663884566416749,3.365389193049274,False,False,BAX,10456,https://www.sec.gov/Archives/edgar/data/10456/000162828025007201/0001628280-25-007201.txt,BAXTER INTERNATIONAL INC.
2023,2023-01-01,2023-12-31,0001145197-25-000007,2025-02-21,206300000,NetIncomeLoss,1697100000,Revenues,2588200000,Assets,732700000,StockholdersEquity,0.2815613484372867,0.1215603087620057,0.6557066687273009,3.53241435785451,False,False,PODD,1145197,https://www.sec.gov/Archives/edgar/data/1145197/000114519725000007/0001145197-25-000007.txt,INSULET CORPORATION
2023,2023-01-01,2023-12-31,0000014272-25-000039,2025-02-12,8025000000,NetIncomeLoss,45006000000,Revenues,95159000000,Assets,29430000000,StockholdersEquity,0.2726809378185525,0.1783095587255032,0.4729557897834151,3.2334012911994563,False,False,BMY,14272,https://www.sec.gov/Archives/edgar/data/14272/000001427225000039/0000014272-25-000039.txt,BRISTOL-MYERS SQUIBB COMPANY
2023,2023-01-01,2023-12-31,0001093557-25-000036,2025-02-18,541500000,NetIncomeLoss,3622300000,RevenueFromContractWithCustomerExcludingAssessedTax,6264500000,Assets,2068600000,StockholdersEquity,0.2617712462535048,0.1494906551086326,0.5782265144863916,3.028376679880112,False,False,DXCM,1093557,https://www.sec.gov/Archives/edgar/data/1093557/000109355725000036/0001093557-25-000036.txt,"DEXCOM, INC."
2023,2023-01-01,2023-12-31,0000731766-25-000063,2025-02-27,22381000000,NetIncomeLoss,371622000000,Revenues,273720000000,Assets,88756000000,StockholdersEquityIncludingPortionAttributableToNoncontrollingInterest minus MinorityInterest,0.2521632340348821,0.0602251750434581,1.357672073651907,3.0839605209788634,False,False,UNH,731766,https://www.sec.gov/Archives/edgar/data/731766/000073176625000063/0000731766-25-000063.txt,UnitedHealth Group Incorporated
2024,2024-01-01,2024-12-31,0001551152-26-000008,2026-02-20,4278000000,NetIncomeLoss,56334000000,RevenueFromContractWithCustomerExcludingAssessedTax,135161000000,Assets,3325000000,StockholdersEquity,1.2866165413533834,0.0759399297049739,0.4167918260444951,40.64992481203007,False,False,ABBV,1551152,https://www.sec.gov/Archives/edgar/data/1551152/000155115226000008/0001551152-26-000008.txt,AbbVie Inc.
2024,2024-01-01,2024-12-31,0000059478-26-000013,2026-02-12,10590000000,NetIncomeLoss,45043000000,Revenues,78715000000,Assets,14272000000,StockholdersEquity,0.7420123318385651,0.2351086739337965,0.572228927142222,5.515344730941704,False,False,LLY,59478,https://www.sec.gov/Archives/edgar/data/59478/000005947826000013/0000059478-26-000013.txt,ELI LILLY AND COMPANY
2024,2024-01-01,2024-12-31,0000318154-26-000010,2026-02-13,4090000000,NetIncomeLoss,33424000000,RevenueFromContractWithCustomerExcludingAssessedTax,91839000000,Assets,5877000000,StockholdersEquity,0.6959332993023651,0.1223671613212063,0.3639412450048454,15.626850433894845,False,False,AMGN,318154,https://www.sec.gov/Archives/edgar/data/318154/000031815426000010/0000318154-26-000010.txt,Amgen Inc.
2024,2024-01-01,2024-12-31,0000874716-26-000038,2026-02-20,887867000,NetIncomeLoss,3897504000,RevenueFromContractWithCustomerExcludingAssessedTax,3293443000,Assets,1595313000,StockholdersEquity,0.5565472104847137,0.2278039996880054,1.1834132243976896,2.064449421524177,False,False,IDXX,874716,https://www.sec.gov/Archives/edgar/data/874716/000087471626000038/0000874716-26-000038.txt,IDEXX LABORATORIES INC /DE
2024,2024-01-01,2024-12-31,0001555280-26-000011,2026-02-12,2486000000,NetIncomeLoss,9256000000,Revenues,14237000000,Assets,4770000000,StockholdersEquity,0.5211740041928721,0.2685825410544512,0.6501369670576667,2.9846960167714887,False,False,ZTS,1555280,https://www.sec.gov/Archives/edgar/data/1555280/000155528026000011/0001555280-26-000011.txt,Zoetis Inc.
2024,2024-01-01,2024-12-31,0000310158-26-000063,2026-02-24,17117000000,NetIncomeLoss,64168000000,Revenues,117106000000,Assets,46313000000,StockholdersEquity,0.3695938505387256,0.2667528986410672,0.5479480129113794,2.528577289314016,False,False,MRK,310158,https://www.sec.gov/Archives/edgar/data/310158/000031015826000063/0000310158-26-000063.txt,"Merck & Co., Inc."
2024,2024-01-01,2024-12-31,0001145197-26-000028,2026-02-18,418300000,NetIncomeLoss,2071600000,Revenues,3087700000,Assets,1211600000,StockholdersEquity,0.3452459557609772,0.2019212203128016,0.6709201023415488,2.5484483327830967,False,False,PODD,1145197,https://www.sec.gov/Archives/edgar/data/1145197/000114519726000028/0001145197-26-000028.txt,INSULET CORPORATION
2024,2024-01-01,2024-12-31,0001628280-26-010185,2026-02-20,13402000000,NetIncomeLoss,41950000000,RevenueFromContractWithCustomerExcludingAssessedTax,81414000000,Assets,47664000000,StockholdersEquity,0.2811765693185633,0.3194755661501788,0.5152676443854866,1.7080815709969788,False,False,ABT,1800,https://www.sec.gov/Archives/edgar/data/1800/000162828026010185/0001628280-26-010185.txt,ABBOTT LABORATORIES
2024,2024-01-01,2024-12-31,0001093557-26-000027,2026-02-12,576200000,NetIncomeLoss,4033000000,RevenueFromContractWithCustomerExcludingAssessedTax,6484500000,Assets,2102600000,StockholdersEquity,0.2740416627033197,0.1428713116786511,0.6219446372118128,3.084038809093504,False,False,DXCM,1093557,https://www.sec.gov/Archives/edgar/data/1093557/000109355726000027/0001093557-26-000027.txt,"DEXCOM, INC."
2024,2023-11-01,2024-10-31,0001090872-25-000087,2025-12-22,1289000000,NetIncomeLoss,6510000000,RevenueFromContractWithCustomerExcludingAssessedTax,11846000000,Assets,5898000000,StockholdersEquity,0.2185486605629026,0.1980030721966205,0.5495525915920986,2.008477449983045,False,False,A,1090872,https://www.sec.gov/Archives/edgar/data/1090872/000109087225000087/0001090872-25-000087.txt,"AGILENT TECHNOLOGIES, INC."
2025,2025-01-01,2025-12-31,0000318154-26-000010,2026-02-13,7711000000,NetIncomeLoss,36751000000,RevenueFromContractWithCustomerExcludingAssessedTax,90586000000,Assets,8658000000,StockholdersEquity,0.8906213906213907,0.2098174199341514,0.4057028679928465,10.462693462693462,False,False,AMGN,318154,https://www.sec.gov/Archives/edgar/data/318154/000031815426000010/0000318154-26-000010.txt,Amgen Inc.
2025,2025-01-01,2025-12-31,0001555280-26-000011,2026-02-12,2673000000,NetIncomeLoss,9467000000,Revenues,15467000000,Assets,3331000000,StockholdersEquity,0.8024617232062444,0.2823492130558783,0.6120773259197,4.643350345241669,False,False,ZTS,1555280,https://www.sec.gov/Archives/edgar/data/1555280/000155528026000011/0001555280-26-000011.txt,Zoetis Inc.
2025,2025-01-01,2025-12-31,0000059478-26-000013,2026-02-12,20640000000,NetIncomeLoss,65179000000,Revenues,112476000000,Assets,26535000000,StockholdersEquity,0.7778405879027699,0.3166664109605854,0.5794925139585334,4.238778971170152,False,False,LLY,59478,https://www.sec.gov/Archives/edgar/data/59478/000005947826000013/0000059478-26-000013.txt,ELI LILLY AND COMPANY
2025,2025-01-01,2025-12-31,0000874716-26-000038,2026-02-20,1059464000,NetIncomeLoss,4303702000,RevenueFromContractWithCustomerExcludingAssessedTax,3350759000,Assets,1605383000,StockholdersEquity,0.6599446985547996,0.2461750372121489,1.2843961621829565,2.087202243950509,False,False,IDXX,874716,https://www.sec.gov/Archives/edgar/data/874716/000087471626000038/0000874716-26-000038.txt,IDEXX LABORATORIES INC /DE
2025,2025-01-01,2025-12-31,0000014272-26-000004,2026-02-11,7054000000,NetIncomeLoss,48194000000,Revenues,90038000000,Assets,18473000000,StockholdersEquity,0.381854598603367,0.1463667676474249,0.5352628890024212,4.874032371569317,False,False,BMY,14272,https://www.sec.gov/Archives/edgar/data/14272/000001427226000004/0000014272-26-000004.txt,BRISTOL-MYERS SQUIBB COMPANY
2025,2025-01-01,2025-12-31,0000882095-26-000006,2026-02-24,8510000000,NetIncomeLoss,29443000000,RevenueFromContractWithCustomerExcludingAssessedTax,59023000000,Assets,22703000000,StockholdersEquity,0.3748403294718759,0.2890330469041877,0.4988394354743066,2.599788574197243,False,False,GILD,882095,https://www.sec.gov/Archives/edgar/data/882095/000088209526000006/0000882095-26-000006.txt,"GILEAD SCIENCES, INC."
2025,2025-01-01,2025-12-31,0000310158-26-000063,2026-02-24,18254000000,NetIncomeLoss,65011000000,Revenues,136866000000,Assets,52606000000,StockholdersEquity,0.3469946393947458,0.2807832520650351,0.4749974427542268,2.6017184351594875,False,False,MRK,310158,https://www.sec.gov/Archives/edgar/data/310158/000031015826000063/0000310158-26-000063.txt,"Merck & Co., Inc."
2025,2025-01-01,2025-12-31,0001093557-26-000027,2026-02-12,836300000,NetIncomeLoss,4662000000,RevenueFromContractWithCustomerExcludingAssessedTax,6339900000,Assets,2746000000,StockholdersEquity,0.3045520757465404,0.1793865293865293,0.7353428287512421,2.3087764020393298,False,False,DXCM,1093557,https://www.sec.gov/Archives/edgar/data/1093557/000109355726000027/0001093557-26-000027.txt,"DEXCOM, INC."
2025,2025-01-01,2025-12-31,0000879169-26-000010,2026-02-10,1286650000,NetIncomeLoss,5141242000,RevenueFromContractWithCustomerExcludingAssessedTax,6957973000,Assets,5167478000,StockholdersEquity,0.2489899328066805,0.2502605401574172,0.7388993892330424,1.3464930087752671,False,False,INCY,879169,https://www.sec.gov/Archives/edgar/data/879169/000087916926000010/0000879169-26-000010.txt,INCYTE CORPORATION
2025,2024-07-01,2025-06-30,0000943819-26-000047,2026-08-13,1400723000,NetIncomeLoss,5146327000,RevenueFromContractWithCustomerExcludingAssessedTax,8174391000,Assets,5967859000,StockholdersEquity,0.23471114180144,0.2721791677831587,0.6295670221793893,1.3697359471797173,False,False,RMD,943819,https://www.sec.gov/Archives/edgar/data/943819/000094381926000047/0000943819-26-000047.txt,ResMed Inc.
