fiscal_year,period_start,period_end,accession_number,filing_date,net_income,net_income_tag,revenue,revenue_tag,assets,assets_tag,equity,equity_tag,roe,profit_margin,asset_turnover,equity_multiplier,equity_warning,negative_equity,ticker,cik,source_url,subsector,equity_to_assets
2025,2025-01-01,2025-12-31,0001193125-26-044769,2026-02-10,6784000000,NetIncomeLoss,75600000000,Revenues,60720000000,Assets,-6027000000,StockholdersEquity,-1.1256014600962336,0.0897354497354497,1.245059288537549,-10.074664011946242,True,True,HCA,860730,https://www.sec.gov/Archives/edgar/data/860730/000119312526044769/0001193125-26-044769.txt,Care providers and diagnostic services,-0.09925889328063241
2025,2024-07-01,2025-06-30,0000721371-26-000038,2026-08-11,1561000000,NetIncomeLoss,222578000000,Revenues,53122000000,Assets,-2781000000,StockholdersEquity,-0.5613088816972313,0.0070132717519251,4.189940137796016,-19.10176195613089,True,True,CAH,721371,https://www.sec.gov/Archives/edgar/data/721371/000072137126000038/0000721371-26-000038.txt,Healthcare distribution,-0.05235119159670193
2025,2025-01-01,2025-12-31,0000927066-26-000012,2026-02-11,746803000,NetIncomeLoss,13643069000,Revenues,17480103000,Assets,-651082000,StockholdersEquity,-1.1470183479193097,0.0547386368858795,0.7804913392100722,-26.847774934647248,True,True,DVA,927066,https://www.sec.gov/Archives/edgar/data/927066/000092706626000012/0000927066-26-000012.txt,Care providers and diagnostic services,-0.03724703452834346
2025,2024-04-01,2025-03-31,0000927653-26-000069,2026-05-08,3295000000,NetIncomeLoss,359051000000,RevenueFromContractWithCustomerExcludingAssessedTax,75140000000,Assets,-2074000000,StockholdersEquity,-1.5887174541947926,0.0091769692884854,4.778426936385414,-36.22950819672131,True,True,MCK,927653,https://www.sec.gov/Archives/edgar/data/927653/000092765326000069/0000927653-26-000069.txt,Healthcare distribution,-0.02760180995475113
2025,2025-01-01,2025-12-31,0001551152-26-000008,2026-02-20,4226000000,NetIncomeLoss,61160000000,RevenueFromContractWithCustomerExcludingAssessedTax,133960000000,Assets,-3270000000,StockholdersEquity,-1.292354740061162,0.0690974493132766,0.4565541952821738,-40.96636085626911,True,True,ABBV,1551152,https://www.sec.gov/Archives/edgar/data/1551152/000155115226000008/0001551152-26-000008.txt,Pharmaceuticals and biotechnology,-0.02441027172290236
2025,2025-01-01,2025-12-31,0001037646-26-000011,2026-02-06,869193000,NetIncomeLoss,4026399000,RevenueFromContractWithCustomerExcludingAssessedTax,3712646000,Assets,-23636000,StockholdersEquity,-36.77411575562701,0.2158735386135353,1.084509269130426,-157.07590116771027,True,True,MTD,1037646,https://www.sec.gov/Archives/edgar/data/1037646/000103764626000011/0001037646-26-000011.txt,Life-science tools and research services,-0.006366348959744614
2025,2024-10-01,2025-09-30,0001140859-25-000131,2025-11-25,1554169000,NetIncomeLoss,321332819000,Revenues,76590112000,Assets,1508019000,StockholdersEquity,1.0306030626935072,0.0048366332602957,4.195486997068238,50.7885590300918,False,False,COR,1140859,https://www.sec.gov/Archives/edgar/data/1140859/000114085925000131/0001140859-25-000131.txt,Healthcare distribution,0.01968947375347878
2025,2025-01-01,2025-12-31,0000318154-26-000010,2026-02-13,7711000000,NetIncomeLoss,36751000000,RevenueFromContractWithCustomerExcludingAssessedTax,90586000000,Assets,8658000000,StockholdersEquity,0.8906213906213907,0.2098174199341514,0.4057028679928465,10.462693462693462,False,False,AMGN,318154,https://www.sec.gov/Archives/edgar/data/318154/000031815426000010/0000318154-26-000010.txt,Pharmaceuticals and biotechnology,0.09557768308568652
2025,2025-01-01,2025-12-31,0000014272-26-000004,2026-02-11,7054000000,NetIncomeLoss,48194000000,Revenues,90038000000,Assets,18473000000,StockholdersEquity,0.381854598603367,0.1463667676474249,0.5352628890024212,4.874032371569317,False,False,BMY,14272,https://www.sec.gov/Archives/edgar/data/14272/000001427226000004/0000014272-26-000004.txt,Pharmaceuticals and biotechnology,0.20516892867455963
2025,2025-01-01,2025-12-31,0001555280-26-000011,2026-02-12,2673000000,NetIncomeLoss,9467000000,Revenues,15467000000,Assets,3331000000,StockholdersEquity,0.8024617232062444,0.2823492130558783,0.6120773259197,4.643350345241669,False,False,ZTS,1555280,https://www.sec.gov/Archives/edgar/data/1555280/000155528026000011/0001555280-26-000011.txt,Animal-health medicines,0.21536173789357987
2025,2025-01-01,2025-12-31,0001628280-26-008322,2026-02-17,1360000000,NetIncomeLoss,16310000000,RevenueFromContractWithCustomerExcludingAssessedTax,29944000000,Assets,6503000000,StockholdersEquity,0.2091342457327387,0.0833844267320662,0.5446834090301896,4.604644010456712,False,False,IQV,1478242,https://www.sec.gov/Archives/edgar/data/1478242/000162828026008322/0001628280-26-008322.txt,Life-science tools and research services,0.21717205450173657
2025,2025-01-01,2025-12-31,0000059478-26-000013,2026-02-12,20640000000,NetIncomeLoss,65179000000,Revenues,112476000000,Assets,26535000000,StockholdersEquity,0.7778405879027699,0.3166664109605854,0.5794925139585334,4.238778971170152,False,False,LLY,59478,https://www.sec.gov/Archives/edgar/data/59478/000005947826000013/0000059478-26-000013.txt,Pharmaceuticals and biotechnology,0.23591699562573348
2025,2025-01-01,2025-12-31,0001071739-26-000049,2026-02-17,-6674000000,NetIncomeLoss,194777000000,Revenues,76747000000,Assets,19953000000,StockholdersEquity,-0.334486042199168,-0.0342648259291394,2.5379102766231907,3.846389014183331,False,False,CNC,1071739,https://www.sec.gov/Archives/edgar/data/1071739/000107173926000049/0001071739-26-000049.txt,Insurance and integrated health services,0.25998410361317054
2025,2025-01-01,2025-12-31,0001739940-26-000006,2026-02-26,5957000000,NetIncomeLoss,274900000000,Revenues,157919000000,Assets,41713000000,StockholdersEquity,0.1428091961738546,0.0216696980720261,1.7407658356499218,3.785846139093328,False,False,CI,1739940,https://www.sec.gov/Archives/edgar/data/1739940/000173994026000006/0001739940-26-000006.txt,Insurance and integrated health services,0.26414174355207415
2025,2025-01-01,2025-12-31,0001932393-26-000007,2026-02-04,2084000000,NetIncomeLoss,20625000000,RevenueFromContractWithCustomerExcludingAssessedTax,36906000000,Assets,10379000000,StockholdersEquity,0.2007900568455535,0.1010424242424242,0.5588522191513575,3.5558338953656423,False,False,GEHC,1932393,https://www.sec.gov/Archives/edgar/data/1932393/000193239326000007/0001932393-26-000007.txt,Medical devices and supplies,0.28122798460954856
2025,2024-12-29,2025-12-27,0001000228-26-000013,2026-02-24,398000000,NetIncomeLoss,13184000000,RevenueFromContractWithCustomerExcludingAssessedTax,11215000000,Assets,3245000000,StockholdersEquity,0.1226502311248074,0.0301881067961165,1.1755684351315203,3.456086286594761,False,False,HSIC,1000228,https://www.sec.gov/Archives/edgar/data/1000228/000100022826000013/0001000228-26-000013.txt,Healthcare distribution,0.2893446277307178
2025,2025-01-01,2025-12-31,0000064803-26-000010,2026-02-10,1768000000,NetIncomeLoss,402067000000,Revenues,253538000000,Assets,75214000000,StockholdersEquity,0.0235062621320498,0.0043972770707369,1.585825398954003,3.370888398436461,False,False,CVS,64803,https://www.sec.gov/Archives/edgar/data/64803/000006480326000010/0000064803-26-000010.txt,Insurance and integrated health services,0.29665770022639604
2025,2025-01-01,2025-12-31,0000731766-26-000062,2026-03-02,12056000000,NetIncomeLoss,447567000000,Revenues,309581000000,Assets,94110000000,StockholdersEquityIncludingPortionAttributableToNoncontrollingInterest minus MinorityInterest,0.1281054085644458,0.0269367491347664,1.4457185679999742,3.289565402188928,False,False,UNH,731766,https://www.sec.gov/Archives/edgar/data/731766/000073176626000062/0000731766-26-000062.txt,Insurance and integrated health services,0.30399152402763735
2025,2025-01-01,2025-12-31,0001628280-26-007733,2026-02-12,-957000000,NetIncomeLoss,11244000000,RevenueFromContractWithCustomerExcludingAssessedTax,20055000000,Assets,6129000000,StockholdersEquity,-0.1561429270680372,-0.0851120597652081,0.5606581899775617,3.272148800783162,False,False,BAX,10456,https://www.sec.gov/Archives/edgar/data/10456/000162828026007733/0001628280-26-007733.txt,Medical devices and supplies,0.3056095736724009
2025,2025-01-01,2025-12-31,0001964738-26-000007,2026-02-27,1556000000,NetIncomeLoss,8325000000,Revenues,14294000000,Assets,5049000000,StockholdersEquity,0.3081798375916023,0.1869069069069069,0.5824122009234644,2.8310556545850663,False,False,SOLV,1964738,https://www.sec.gov/Archives/edgar/data/1964738/000196473826000007/0001964738-26-000007.txt,Medical devices and supplies,0.35322512942493356
2025,2025-01-01,2025-12-31,0000049071-26-000009,2026-02-19,1188000000,NetIncomeLoss,129664000000,Revenues,48909000000,Assets,17657000000,StockholdersEquity,0.0672820977515999,0.0091621421520236,2.651127604326402,2.769949595061449,False,False,HUM,49071,https://www.sec.gov/Archives/edgar/data/49071/000004907126000009/0000049071-26-000009.txt,Insurance and integrated health services,0.36101739966059415
2025,2025-01-01,2025-12-31,0001156039-26-000013,2026-02-06,5662000000,NetIncomeLoss,199125000000,Revenues,121494000000,Assets,43882000000,StockholdersEquity,0.1290278474089604,0.0284344005021971,1.6389698256704035,2.7686522947905745,False,False,ELV,1156039,https://www.sec.gov/Archives/edgar/data/1156039/000115603926000013/0001156039-26-000013.txt,Insurance and integrated health services,0.361186560653201
2025,2025-01-01,2025-12-31,0000310158-26-000063,2026-02-24,18254000000,NetIncomeLoss,65011000000,Revenues,136866000000,Assets,52606000000,StockholdersEquity,0.3469946393947458,0.2807832520650351,0.4749974427542268,2.6017184351594875,False,False,MRK,310158,https://www.sec.gov/Archives/edgar/data/310158/000031015826000063/0000310158-26-000063.txt,Pharmaceuticals and biotechnology,0.38436134613417505
2025,2025-01-01,2025-12-31,0000882095-26-000006,2026-02-24,8510000000,NetIncomeLoss,29443000000,RevenueFromContractWithCustomerExcludingAssessedTax,59023000000,Assets,22703000000,StockholdersEquity,0.3748403294718759,0.2890330469041877,0.4988394354743066,2.599788574197243,False,False,GILD,882095,https://www.sec.gov/Archives/edgar/data/882095/000088209526000006/0000882095-26-000006.txt,Pharmaceuticals and biotechnology,0.3846466631652068
2025,2025-01-01,2025-12-31,0000078003-26-000026,2026-02-26,7771000000,NetIncomeLoss,62579000000,Revenues,208160000000,Assets,86476000000,StockholdersEquity,0.0898630833988621,0.1241790376963518,0.3006293235972329,2.4071418659512465,False,False,PFE,78003,https://www.sec.gov/Archives/edgar/data/78003/000007800326000026/0000078003-26-000026.txt,Pharmaceuticals and biotechnology,0.4154304381245196
2025,2025-01-01,2025-12-31,0001093557-26-000027,2026-02-12,836300000,NetIncomeLoss,4662000000,RevenueFromContractWithCustomerExcludingAssessedTax,6339900000,Assets,2746000000,StockholdersEquity,0.3045520757465404,0.1793865293865293,0.7353428287512421,2.3087764020393298,False,False,DXCM,1093557,https://www.sec.gov/Archives/edgar/data/1093557/000109355726000027/0001093557-26-000027.txt,Medical devices and supplies,0.4331298600924305
2025,2025-01-01,2025-12-31,0001022079-26-000015,2026-02-26,992000000,NetIncomeLoss,11035000000,RevenueFromContractWithCustomerExcludingAssessedTax,16225000000,Assets,7170000000,StockholdersEquity,0.1383542538354253,0.0898957861350249,0.6801232665639445,2.262900976290098,False,False,DGX,1022079,https://www.sec.gov/Archives/edgar/data/1022079/000102207926000015/0001022079-26-000015.txt,Care providers and diagnostic services,0.4419106317411402
2025,2024-12-29,2025-12-27,0001100682-26-000022,2026-02-18,-144338000,NetIncomeLoss,4015382000,RevenueFromContractWithCustomerExcludingAssessedTax,7135422000,Assets,3164630000,StockholdersEquity,-0.045609755326847,-0.0359462686240063,0.5627392465365048,2.254741312570506,False,False,CRL,1100682,https://www.sec.gov/Archives/edgar/data/1100682/000110068226000022/0001100682-26-000022.txt,Life-science tools and research services,0.44350985828168255
2025,2024-10-01,2025-09-30,0000010795-25-000099,2025-11-25,1678000000,NetIncomeLoss,21840000000,Revenues,55325000000,Assets,25390000000,StockholdersEquity,0.0660890114218196,0.0768315018315018,0.3947582467239042,2.1790074832611266,False,False,BDX,10795,https://www.sec.gov/Archives/edgar/data/10795/000001079525000099/0000010795-25-000099.txt,Medical devices and supplies,0.4589245368278355
2025,2025-01-01,2025-12-31,0001193125-26-071676,2026-02-25,1488796000,NetIncomeLoss,17364829000,RevenueFromContractWithCustomerExcludingAssessedTax,15527593000,Assets,7275792000,StockholdersEquity,0.2046232217743443,0.0857362891393862,1.118320721054448,2.134144708919661,False,False,UHS,352915,https://www.sec.gov/Archives/edgar/data/352915/000119312526071676/0001193125-26-071676.txt,Care providers and diagnostic services,0.46857178701167657
2025,2025-01-01,2025-12-31,0000920148-26-000111,2026-02-24,876500000,NetIncomeLoss,13951700000,Revenues,18392700000,Assets,8619800000,StockholdersEquity,0.1016844938397642,0.0628238852612943,0.7585455099033855,2.1337734054154387,False,False,LH,920148,https://www.sec.gov/Archives/edgar/data/920148/000092014826000111/0000920148-26-000111.txt,Care providers and diagnostic services,0.4686533244167523
2025,2025-01-01,2025-12-31,0001145197-26-000028,2026-02-18,247100000,NetIncomeLoss,2708100000,Revenues,3190400000,Assets,1515200000,StockholdersEquity,0.1630807814149947,0.0912447841660204,0.8488277331995988,2.105596620908131,False,False,PODD,1145197,https://www.sec.gov/Archives/edgar/data/1145197/000114519726000028/0001145197-26-000028.txt,Medical devices and supplies,0.4749247743229689
2025,2025-01-01,2025-12-31,0000874716-26-000038,2026-02-20,1059464000,NetIncomeLoss,4303702000,RevenueFromContractWithCustomerExcludingAssessedTax,3350759000,Assets,1605383000,StockholdersEquity,0.6599446985547996,0.2461750372121489,1.2843961621829565,2.087202243950509,False,False,IDXX,874716,https://www.sec.gov/Archives/edgar/data/874716/000087471626000038/0000874716-26-000038.txt,Veterinary diagnostics,0.47911025531827267
2025,2025-01-01,2025-12-31,0000097745-26-000018,2026-02-26,6704000000,NetIncomeLoss,44556000000,RevenueFromContractWithCustomerExcludingAssessedTax,110343000000,Assets,53407000000,StockholdersEquity,0.1255266163611511,0.1504623395277852,0.4037954378619396,2.0660774804800868,False,False,TMO,97745,https://www.sec.gov/Archives/edgar/data/97745/000009774526000018/0000097745-26-000018.txt,Life-science tools and research services,0.48400895389829895
2025,2025-01-01,2025-12-31,0001193125-26-062604,2026-02-23,642629000,NetIncomeLoss,3165286000,RevenueFromContractWithCustomerExcludingAssessedTax,5076550000,Assets,2561242000,StockholdersEquity,0.2509052248869884,0.2030239921447856,0.6235112428716353,1.9820657321721256,False,False,WAT,1000697,https://www.sec.gov/Archives/edgar/data/1000697/000119312526062604/0001193125-26-062604.txt,Life-science tools and research services,0.5045241354857137
2025,2024-04-27,2025-04-25,0001628280-26-044354,2026-06-18,4662000000,NetIncomeLoss,33537000000,RevenueFromContractWithCustomerExcludingAssessedTax,91680000000,Assets,48024000000,StockholdersEquity,0.0970764617691154,0.1390106449592986,0.3658049738219895,1.9090454772613692,False,False,MDT,1613103,https://www.sec.gov/Archives/edgar/data/1613103/000162828026044354/0001628280-26-044354.txt,Medical devices and supplies,0.5238219895287958
2025,2024-11-01,2025-10-31,0001090872-25-000087,2025-12-22,1303000000,NetIncomeLoss,6948000000,RevenueFromContractWithCustomerExcludingAssessedTax,12727000000,Assets,6741000000,StockholdersEquity,0.1932947633882213,0.1875359815774323,0.5459259841282313,1.887998813232458,False,False,A,1090872,https://www.sec.gov/Archives/edgar/data/1090872/000109087225000087/0001090872-25-000087.txt,Life-science tools and research services,0.5296613498860689
2025,2025-01-01,2025-12-31,0001193125-26-059853,2026-02-20,705100000,NetIncomeLoss,8231500000,RevenueFromContractWithCustomerExcludingAssessedTax,23091700000,Assets,12697700000,StockholdersEquity,0.0555297416067476,0.0856587499240721,0.3564700736628312,1.8185734424344568,False,False,ZBH,1136869,https://www.sec.gov/Archives/edgar/data/1136869/000119312526059853/0001193125-26-059853.txt,Medical devices and supplies,0.5498815591749416
2025,2025-01-01,2025-12-31,0000885725-26-000010,2026-02-17,2898000000,ProfitLoss minus NetIncomeLossAttributableToNoncontrollingInterest,20074000000,RevenueFromContractWithCustomerExcludingAssessedTax,43673000000,Assets,24233000000,StockholdersEquity,0.119588990219948,0.1443658463684367,0.4596432578480983,1.8022118598605208,False,False,BSX,885725,https://www.sec.gov/Archives/edgar/data/885725/000088572526000010/0000885725-26-000010.txt,Medical devices and supplies,0.5548737206054084
2025,2024-12-30,2025-12-28,0000031791-26-000012,2026-02-24,241201000,NetIncomeLoss,2856051000,RevenueFromContractWithCustomerExcludingAssessedTax,12168411000,Assets,7250360000,StockholdersEquity,0.0332674515472335,0.0844526235700973,0.2347102674293299,1.678318180062783,False,False,RVTY,31791,https://www.sec.gov/Archives/edgar/data/31791/000003179126000012/0000031791-26-000012.txt,Life-science tools and research services,0.5958345752785635
2025,2025-01-01,2025-12-31,0001628280-26-010185,2026-02-20,6524000000,NetIncomeLoss,44328000000,RevenueFromContractWithCustomerExcludingAssessedTax,86713000000,Assets,52130000000,StockholdersEquity,0.125148666794552,0.1471756000721891,0.5112036257539239,1.6633991943218875,False,False,ABT,1800,https://www.sec.gov/Archives/edgar/data/1800/000162828026010185/0001628280-26-010185.txt,Diversified healthcare,0.6011786006711797
2025,2025-01-01,2025-12-31,0000313616-26-000062,2026-02-24,3614000000,NetIncomeLoss,24568000000,RevenueFromContractWithCustomerExcludingAssessedTax,83464000000,Assets,52534000000,StockholdersEquity,0.0687935432291468,0.1471019211983067,0.2943544522189207,1.5887615639395438,False,False,DHR,313616,https://www.sec.gov/Archives/edgar/data/313616/000031361626000062/0000313616-26-000062.txt,Life-science tools and research services,0.6294210677657434
2025,2025-01-01,2025-12-31,0001097149-26-000014,2026-02-27,410351000,NetIncomeLoss,4034964000,RevenueFromContractWithCustomerExcludingAssessedTax,6233693000,Assets,4049147000,StockholdersEquity,0.1013425790666528,0.1016988007823613,0.6472830792276745,1.5395077037213023,False,False,ALGN,1097149,https://www.sec.gov/Archives/edgar/data/1097149/000109714926000014/0001097149-26-000014.txt,Medical devices and supplies,0.6495582955400595
2025,2024-04-01,2025-03-31,0001628280-26-039136,2026-05-29,614600000,NetIncomeLoss,5459500000,Revenues,10146800000,Assets,6603400000,StockholdersEquity,0.0930732652875791,0.1125744115761516,0.5380514053691804,1.5366023563618745,False,False,STE,1757898,https://www.sec.gov/Archives/edgar/data/1757898/000162828026039136/0001628280-26-039136.txt,Medical devices and supplies,0.6507864548429061
2025,2024-11-01,2025-10-31,0001628280-25-055615,2025-12-05,374900000,NetIncomeLoss,4092400000,RevenueFromContractWithCustomerExcludingAssessedTax,12394800000,Assets,8238900000,StockholdersEquity,0.0455036473315612,0.0916088358909197,0.3301707167521864,1.5044241342897715,False,False,COO,711404,https://www.sec.gov/Archives/edgar/data/711404/000162828025055615/0001628280-25-055615.txt,Medical devices and supplies,0.6647061671023332
2025,2025-01-01,2025-12-31,0001682852-26-000033,2026-02-20,-2822000000,NetIncomeLoss,1944000000,RevenueFromContractWithCustomerExcludingAssessedTax,12338000000,Assets,8650000000,StockholdersEquity,-0.326242774566474,-1.4516460905349795,0.1575620035662182,1.4263583815028902,False,False,MRNA,1682852,https://www.sec.gov/Archives/edgar/data/1682852/000168285226000033/0001682852-26-000033.txt,Pharmaceuticals and biotechnology,0.7010860755389853
2025,2025-01-01,2025-12-31,0000875320-26-000056,2026-02-13,3953200000,NetIncomeLoss,12001300000,RevenueFromContractWithCustomerExcludingAssessedTax,25643000000,Assets,18665800000,StockholdersEquity,0.2117884044616357,0.3293976485880696,0.4680146628709589,1.3737959262394326,False,False,VRTX,875320,https://www.sec.gov/Archives/edgar/data/875320/000087532026000056/0000875320-26-000056.txt,Pharmaceuticals and biotechnology,0.7279101509183793
2025,2024-07-01,2025-06-30,0000943819-26-000047,2026-08-13,1400723000,NetIncomeLoss,5146327000,RevenueFromContractWithCustomerExcludingAssessedTax,8174391000,Assets,5967859000,StockholdersEquity,0.23471114180144,0.2721791677831587,0.6295670221793893,1.3697359471797173,False,False,RMD,943819,https://www.sec.gov/Archives/edgar/data/943819/000094381926000047/0000943819-26-000047.txt,Medical devices and supplies,0.730067720029541
2025,2025-01-01,2025-12-31,0000879169-26-000010,2026-02-10,1286650000,NetIncomeLoss,5141242000,RevenueFromContractWithCustomerExcludingAssessedTax,6957973000,Assets,5167478000,StockholdersEquity,0.2489899328066805,0.2502605401574172,0.7388993892330424,1.3464930087752671,False,False,INCY,879169,https://www.sec.gov/Archives/edgar/data/879169/000087916926000010/0000879169-26-000010.txt,Pharmaceuticals and biotechnology,0.7426700276071782
2025,2025-01-01,2025-12-31,0000105770-26-000010,2026-02-17,493700000,NetIncomeLoss,3074100000,RevenueFromContractWithCustomerExcludingAssessedTax,4270000000,Assets,3176000000,StockholdersEquity,0.1554471032745591,0.1605998503627078,0.7199297423887587,1.3444584382871536,False,False,WST,105770,https://www.sec.gov/Archives/edgar/data/105770/000010577026000010/0000105770-26-000010.txt,Medical devices and supplies,0.7437939110070257
2025,2025-01-01,2025-12-31,0001099800-26-000009,2026-02-25,1073500000,NetIncomeLoss,6067600000,RevenueFromContractWithCustomerExcludingAssessedTax,13697200000,Assets,10337600000,StockholdersEquity,0.1038442191611205,0.1769233304766299,0.4429810472213299,1.3249883918898004,False,False,EW,1099800,https://www.sec.gov/Archives/edgar/data/1099800/000109980026000009/0001099800-26-000009.txt,Medical devices and supplies,0.7547235931431241
2025,2025-01-01,2025-12-31,0000872589-26-000008,2026-02-04,4504900000,NetIncomeLoss,14342900000,RevenueFromContractWithCustomerExcludingAssessedTax,40558700000,Assets,31256900000,StockholdersEquity,0.1441249772050331,0.314085714883322,0.3536331292669636,1.2975918917103104,False,False,REGN,872589,https://www.sec.gov/Archives/edgar/data/872589/000087258926000008/0000872589-26-000008.txt,Pharmaceuticals and biotechnology,0.7706583297788144
2025,2024-02-01,2025-01-31,0001393052-26-000014,2026-03-20,714138000,NetIncomeLoss,2746619000,RevenueFromContractWithCustomerExcludingAssessedTax,7339756000,Assets,5832373000,StockholdersEquity,0.1224438148931832,0.2600062112728412,0.3742112135607777,1.2584510627149532,False,False,VEEV,1393052,https://www.sec.gov/Archives/edgar/data/1393052/000139305226000014/0001393052-26-000014.txt,Healthcare software,0.7946276415728262
2025,2025-01-01,2025-12-31,0001035267-26-000010,2026-02-03,2856000000,NetIncomeLoss,10064700000,RevenueFromContractWithCustomerExcludingAssessedTax,20458700000,Assets,17824000000,StockholdersEquity,0.1602333931777378,0.283764046618379,0.4919520790666074,1.1478175493716338,False,False,ISRG,1035267,https://www.sec.gov/Archives/edgar/data/1035267/000103526726000010/0001035267-26-000010.txt,Medical devices and supplies,0.8712186013774091
