ticker,roe,profit_margin,asset_turnover,equity_multiplier,years,subsector
A,0.21698055681389516,0.18832329484236196,0.5941665091221713,1.9419259897919328,5,Life-science tools and research services
ABBV,0.7088216958154053,0.13510185272490668,0.38519749274341125,16.544451023102233,5,Pharmaceuticals and biotechnology
ABT,0.1796954390100022,0.1770328087721781,0.5351017024217809,1.9350608076606866,6,Diversified healthcare
ALGN,0.1993293968534858,0.22214191451381718,0.6217493229131071,1.6023205933757778,6,Medical devices and supplies
AMGN,1.0176054662167566,0.2219866185545248,0.382107344232318,12.54768989882615,6,Pharmaceuticals and biotechnology
BAX,-0.0136745635714784,0.022893276237927685,0.46947775465127145,3.531017584910156,6,Medical devices and supplies
BDX,0.0641619470728933,0.08210386222279185,0.3570959471097999,2.1798769328042034,6,Medical devices and supplies
BMY,0.04444449062604763,0.03587347944945248,0.4649563388611549,3.844529195771308,6,Pharmaceuticals and biotechnology
CI,0.12837287549651163,0.030449878239859965,1.3357755649722602,3.4145337730340386,6,Insurance and integrated health services
CNC,0.010934781033654714,0.006471176097472317,1.906677678116172,3.1717224888711395,6,Insurance and integrated health services
COO,0.11221723292006858,0.24941223527693776,0.3179307591925647,1.5532118037822036,6,Medical devices and supplies
CRL,0.09710829373691722,0.07363293408531013,0.5273455916499012,2.4383618123739663,6,Life-science tools and research services
CVS,0.07713986886694187,0.01787665538309668,1.3869637459879975,3.268448704893043,6,Insurance and integrated health services
DGX,0.18068346845903535,0.11711904693750137,0.6977332380221241,2.205833332444407,6,Care providers and diagnostic services
DHR,0.10243669705069264,0.1937388951797705,0.30792297080899833,1.695783472077985,6,Life-science tools and research services
DXCM,0.2294792248511267,0.1556302669105574,0.5700963574216669,2.6191991285899068,6,Medical devices and supplies
ELV,0.14928335172796423,0.03605710833911992,1.5132949976692247,2.7526664320819627,6,Insurance and integrated health services
GILD,0.19436485773724788,0.1526546826194378,0.43621869917070266,3.0550335433042064,6,Pharmaceuticals and biotechnology
HSIC,0.1353945663818112,0.038000523147072585,1.3027275781604344,2.7759397644798036,6,Healthcare distribution
HUM,0.15083013456051705,0.025329019624264617,2.2801484588705185,2.7700700940629166,6,Insurance and integrated health services
IDXX,0.8168659780553732,0.2255116475480079,1.2192715563041239,3.0036944335228366,6,Veterinary diagnostics
INCY,0.09832066300532345,0.12112821032388876,0.6663675603479533,1.3735459380181283,6,Pharmaceuticals and biotechnology
ISRG,0.13477422825494276,0.26143594404598475,0.4483316949181888,1.1517265188366947,6,Medical devices and supplies
LH,0.12839991372471227,0.08685701518070982,0.7115616736187788,2.1079331499982144,6,Care providers and diagnostic services
LLY,0.7187009939569328,0.22894017655904828,0.5613376518295642,5.674082657693796,6,Pharmaceuticals and biotechnology
MDT,0.08394534446627748,0.13622255215978796,0.34324437840104755,1.7993749701455137,6,Medical devices and supplies
MRK,0.2771455899196275,0.2061096314372577,0.507279616727899,2.788000875570979,6,Pharmaceuticals and biotechnology
MRNA,0.0025092885438178225,-0.5126694748375726,0.3935307815309009,1.6691303748586257,6,Pharmaceuticals and biotechnology
PFE,0.1603669297803813,0.18149198549909717,0.3480776112431054,2.370354895506052,6,Pharmaceuticals and biotechnology
PODD,0.14016818476813775,0.07350976848945136,0.6290842993311613,3.2829129701919713,6,Medical devices and supplies
REGN,0.23116540031622768,0.3664176306893967,0.44498400191622545,1.3430830989101021,6,Pharmaceuticals and biotechnology
RMD,0.21787722173101018,0.21318762462965637,0.659947576539461,1.5682277089053442,6,Medical devices and supplies
RVTY,0.09343244216121703,0.174209801012394,0.27076037588961815,1.8605153083372123,6,Life-science tools and research services
STE,0.07169086172919133,0.08755851159871235,0.47546448762290866,1.6855658881123172,6,Medical devices and supplies
TECH,0.1284054763296604,0.22065572984412948,0.42339519381766594,1.3826178639056745,5,Life-science tools and research services
TMO,0.15228591142372985,0.16461766349290216,0.4365977026818517,2.113898143130404,6,Life-science tools and research services
UHS,0.1531756464795403,0.06977885876033753,1.0084786436791522,2.189831121811413,6,Care providers and diagnostic services
UNH,0.21175045487354663,0.05086993233894554,1.3538853728009441,3.1202626332363708,6,Insurance and integrated health services
VEEV,0.1436844068972397,0.24529205413200392,0.44576298556272453,1.3070964071106008,6,Healthcare software
VRTX,0.19464439427579627,0.2942849837828115,0.4958731995767061,1.3378848404021582,6,Pharmaceuticals and biotechnology
WST,0.20556365655020858,0.18833139598578283,0.784239522838113,1.3840877508440368,6,Medical devices and supplies
ZBH,0.041607839957966,0.06904030976137439,0.328001987730347,1.8103735653496893,6,Medical devices and supplies
ZTS,0.5259344222214615,0.26571052028920533,0.5752607607930454,3.42426354069907,6,Animal-health medicines
