subsector,n,median_roe,mean_roe,sample_sd_roe,median_margin,median_turnover,median_multiplier
Animal-health medicines,1,0.8024617232062444,0.8024617232062444,,0.2823492130558783,0.6120773259197,4.643350345241669
Care providers and diagnostic services,3,0.1383542538354253,0.14822065648317792,0.05217379469717591,0.0857362891393862,0.7585455099033855,2.134144708919661
Diversified healthcare,1,0.125148666794552,0.125148666794552,,0.1471756000721891,0.5112036257539239,1.6633991943218875
Healthcare distribution,1,0.1226502311248074,0.1226502311248074,,0.0301881067961165,1.1755684351315203,3.456086286594761
Healthcare software,1,0.1224438148931832,0.1224438148931832,,0.2600062112728412,0.3742112135607777,1.2584510627149532
Insurance and integrated health services,6,0.09769375315802285,0.026040794971957087,0.18239805211075424,0.01541592011202485,1.6898678306601627,3.3302269003126943
Life-science tools and research services,5,0.0687935432291468,0.07505452383978115,0.09065513489007332,0.1471019211983067,0.4037954378619396,1.887998813232458
Medical devices and supplies,12,0.0992095204178841,0.11004135623589255,0.11330781290294373,0.10713660617925645,0.549354797673371,1.6790405730778795
Pharmaceuticals and biotechnology,10,0.29799228610071316,0.3140675169299887,0.3433032223414239,0.2655218961112262,0.47150605281259284,2.5034652200742444
Veterinary diagnostics,1,0.6599446985547996,0.6599446985547996,,0.2461750372121489,1.2843961621829565,2.087202243950509
