fiscal_year,period_start,period_end,accession_number,filing_date,net_income,net_income_tag,revenue,revenue_tag,assets,assets_tag,equity,equity_tag,roe,profit_margin,asset_turnover,equity_multiplier,equity_warning,negative_equity,ticker,cik,source_url,subsector
2025,2025-01-01,2025-12-31,0001551152-26-000008,2026-02-20,4226000000,NetIncomeLoss,61160000000,RevenueFromContractWithCustomerExcludingAssessedTax,133960000000,Assets,-3270000000,StockholdersEquity,-1.292354740061162,0.0690974493132766,0.4565541952821738,-40.96636085626911,True,True,ABBV,1551152,https://www.sec.gov/Archives/edgar/data/1551152/000155115226000008/0001551152-26-000008.txt,Pharmaceuticals and biotechnology
2022,2021-07-01,2022-06-30,0000721371-23-000060,2023-08-15,-933000000,NetIncomeLoss,181364000000,Revenues,43878000000,Assets,-709000000,StockholdersEquity,1.315937940761636,-0.0051443505877682,4.133369798076485,-61.88716502115656,True,True,CAH,721371,https://www.sec.gov/Archives/edgar/data/721371/000072137123000060/0000721371-23-000060.txt,Healthcare distribution
2023,2022-07-01,2023-06-30,0000721371-24-000056,2024-08-14,330000000,NetIncomeLoss,204979000000,Revenues,43349000000,Assets,-2958000000,StockholdersEquity,-0.1115618661257606,0.0016099210162992,4.728575053634455,-14.654834347532116,True,True,CAH,721371,https://www.sec.gov/Archives/edgar/data/721371/000072137124000056/0000721371-24-000056.txt,Healthcare distribution
2024,2023-07-01,2024-06-30,0000721371-25-000079,2025-08-12,852000000,NetIncomeLoss,226827000000,Revenues,45121000000,Assets,-3213000000,StockholdersEquity,-0.265172735760971,0.003756166593924,5.027082733095455,-14.043261749144104,True,True,CAH,721371,https://www.sec.gov/Archives/edgar/data/721371/000072137125000079/0000721371-25-000079.txt,Healthcare distribution
2025,2024-07-01,2025-06-30,0000721371-26-000038,2026-08-11,1561000000,NetIncomeLoss,222578000000,Revenues,53122000000,Assets,-2781000000,StockholdersEquity,-0.5613088816972313,0.0070132717519251,4.189940137796016,-19.10176195613089,True,True,CAH,721371,https://www.sec.gov/Archives/edgar/data/721371/000072137126000038/0000721371-26-000038.txt,Healthcare distribution
2020,2019-10-01,2020-09-30,0001140859-21-000058,2021-11-23,-3408716000,NetIncomeLoss,189893926000,Revenues,44274830000,Assets,-1018924000,StockholdersEquity,3.345407508312691,-0.0179506320807754,4.288981482255267,-43.45253424200431,True,True,COR,1140859,https://www.sec.gov/Archives/edgar/data/1140859/000114085921000058/0001140859-21-000058.txt,Healthcare distribution
2021,2020-10-01,2021-09-30,0001140859-22-000098,2022-11-22,1539932000,NetIncomeLoss,213988843000,Revenues,57337805000,Assets,223354000,StockholdersEquity,6.894579904546147,0.0071963191090294,3.732072460743832,256.71268479633227,True,False,COR,1140859,https://www.sec.gov/Archives/edgar/data/1140859/000114085922000098/0001140859-22-000098.txt,Healthcare distribution
2022,2021-10-01,2022-09-30,0001140859-23-000197,2023-11-21,1698820000,NetIncomeLoss,238587006000,Revenues,56560616000,Assets,-211559000,StockholdersEquity,-8.03000581398097,0.0071203374755455,4.218253316052993,-267.3515000543584,True,True,COR,1140859,https://www.sec.gov/Archives/edgar/data/1140859/000114085923000197/0001140859-23-000197.txt,Healthcare distribution
2023,2022-10-01,2023-09-30,0001140859-24-000177,2024-11-26,1745293000,NetIncomeLoss,262173411000,Revenues,62558746000,Assets,522003000,StockholdersEquity,3.343453964823957,0.0066570175569787,4.190835458882121,119.84365223954651,True,False,COR,1140859,https://www.sec.gov/Archives/edgar/data/1140859/000114085924000177/0001140859-24-000177.txt,Healthcare distribution
2024,2023-10-01,2024-09-30,0001140859-25-000131,2025-11-25,1509120000,NetIncomeLoss,293958599000,Revenues,67101667000,Assets,645938000,StockholdersEquity,2.336323300378674,0.0051337841625786,4.380794280416312,103.88251968455177,True,False,COR,1140859,https://www.sec.gov/Archives/edgar/data/1140859/000114085925000131/0001140859-25-000131.txt,Healthcare distribution
2024,2024-01-01,2024-12-31,0000927066-26-000012,2026-02-11,936342000,NetIncomeLoss,12815550000,Revenues,17285268000,Assets,121122000,StockholdersEquity,7.73056917818398,0.0730629586713016,0.7414145965223102,142.70956556199533,True,False,DVA,927066,https://www.sec.gov/Archives/edgar/data/927066/000092706626000012/0000927066-26-000012.txt,Care providers and diagnostic services
2025,2025-01-01,2025-12-31,0000927066-26-000012,2026-02-11,746803000,NetIncomeLoss,13643069000,Revenues,17480103000,Assets,-651082000,StockholdersEquity,-1.1470183479193097,0.0547386368858795,0.7804913392100722,-26.847774934647248,True,True,DVA,927066,https://www.sec.gov/Archives/edgar/data/927066/000092706626000012/0000927066-26-000012.txt,Care providers and diagnostic services
2021,2021-01-01,2021-12-31,0000950170-23-003234,2023-02-17,6956000000,NetIncomeLoss,58752000000,Revenues,50742000000,Assets,-933000000,StockholdersEquity,-7.455519828510182,0.1183959694989106,1.157857396239801,-54.38585209003215,True,True,HCA,860730,https://www.sec.gov/Archives/edgar/data/860730/000095017023003234/0000950170-23-003234.txt,Care providers and diagnostic services
2022,2022-01-01,2022-12-31,0000950170-24-016524,2024-02-16,5643000000,NetIncomeLoss,60233000000,Revenues,52438000000,Assets,-2767000000,StockholdersEquity,-2.039392844235634,0.0936861853136984,1.1486517411037798,-18.95121069750633,True,True,HCA,860730,https://www.sec.gov/Archives/edgar/data/860730/000095017024016524/0000950170-24-016524.txt,Care providers and diagnostic services
2023,2023-01-01,2023-12-31,0000950170-25-020134,2025-02-14,5242000000,NetIncomeLoss,64968000000,Revenues,56211000000,Assets,-1774000000,StockholdersEquity,-2.9549041713641486,0.0806858761236301,1.155788013022362,-31.686020293122887,True,True,HCA,860730,https://www.sec.gov/Archives/edgar/data/860730/000095017025020134/0000950170-25-020134.txt,Care providers and diagnostic services
2024,2024-01-01,2024-12-31,0001193125-26-044769,2026-02-10,5760000000,NetIncomeLoss,70603000000,Revenues,59513000000,Assets,-2499000000,StockholdersEquity,-2.304921968787515,0.08158293556931,1.1863458404046174,-23.814725890356144,True,True,HCA,860730,https://www.sec.gov/Archives/edgar/data/860730/000119312526044769/0001193125-26-044769.txt,Care providers and diagnostic services
2025,2025-01-01,2025-12-31,0001193125-26-044769,2026-02-10,6784000000,NetIncomeLoss,75600000000,Revenues,60720000000,Assets,-6027000000,StockholdersEquity,-1.1256014600962336,0.0897354497354497,1.245059288537549,-10.074664011946242,True,True,HCA,860730,https://www.sec.gov/Archives/edgar/data/860730/000119312526044769/0001193125-26-044769.txt,Care providers and diagnostic services
2021,2020-04-01,2021-03-31,0000927653-22-000051,2022-05-09,-4539000000,NetIncomeLoss,238228000000,RevenueFromContractWithCustomerExcludingAssessedTax,65015000000,Assets,-21000000,StockholdersEquity,216.14285714285717,-0.0190531759490907,3.664200569099439,-3095.9523809523807,True,True,MCK,927653,https://www.sec.gov/Archives/edgar/data/927653/000092765322000051/0000927653-22-000051.txt,Healthcare distribution
2022,2021-04-01,2022-03-31,0000927653-23-000038,2023-05-09,1114000000,NetIncomeLoss,263966000000,RevenueFromContractWithCustomerExcludingAssessedTax,63298000000,Assets,-2272000000,StockholdersEquity,-0.4903169014084507,0.004220240485517,4.170210749154792,-27.860035211267604,True,True,MCK,927653,https://www.sec.gov/Archives/edgar/data/927653/000092765323000038/0000927653-23-000038.txt,Healthcare distribution
2023,2022-04-01,2023-03-31,0000927653-24-000035,2024-05-08,3560000000,NetIncomeLoss,276711000000,RevenueFromContractWithCustomerExcludingAssessedTax,62320000000,Assets,-1857000000,StockholdersEquity,-1.9170705438879916,0.0128654083140894,4.440163671373556,-33.55950457727518,True,True,MCK,927653,https://www.sec.gov/Archives/edgar/data/927653/000092765324000035/0000927653-24-000035.txt,Healthcare distribution
2024,2023-04-01,2024-03-31,0000927653-25-000036,2025-05-09,3002000000,NetIncomeLoss,308951000000,RevenueFromContractWithCustomerExcludingAssessedTax,67443000000,Assets,-1971000000,StockholdersEquity,-1.5230847285641806,0.0097167512000284,4.580920184452056,-34.21765601217656,True,True,MCK,927653,https://www.sec.gov/Archives/edgar/data/927653/000092765325000036/0000927653-25-000036.txt,Healthcare distribution
2025,2024-04-01,2025-03-31,0000927653-26-000069,2026-05-08,3295000000,NetIncomeLoss,359051000000,RevenueFromContractWithCustomerExcludingAssessedTax,75140000000,Assets,-2074000000,StockholdersEquity,-1.5887174541947926,0.0091769692884854,4.778426936385414,-36.22950819672131,True,True,MCK,927653,https://www.sec.gov/Archives/edgar/data/927653/000092765326000069/0000927653-26-000069.txt,Healthcare distribution
2022,2022-01-01,2022-12-31,0001037646-25-000012,2025-02-07,872502000,NetIncomeLoss,3919709000,RevenueFromContractWithCustomerExcludingAssessedTax,3492395000,Assets,24793000,StockholdersEquity,35.19146533295688,0.222593564981482,1.1223555754718466,140.8621385068366,True,False,MTD,1037646,https://www.sec.gov/Archives/edgar/data/1037646/000103764625000012/0001037646-25-000012.txt,Life-science tools and research services
2023,2023-01-01,2023-12-31,0001037646-26-000011,2026-02-06,788778000,NetIncomeLoss,3788309000,RevenueFromContractWithCustomerExcludingAssessedTax,3355555000,Assets,-149938000,StockholdersEquity,-5.260694420360416,0.208213743915821,1.12896644519312,-22.379616908322102,True,True,MTD,1037646,https://www.sec.gov/Archives/edgar/data/1037646/000103764626000011/0001037646-26-000011.txt,Life-science tools and research services
2024,2024-01-01,2024-12-31,0001037646-26-000011,2026-02-06,863140000,NetIncomeLoss,3872361000,RevenueFromContractWithCustomerExcludingAssessedTax,3239999000,Assets,-126890000,StockholdersEquity,-6.8022696824020805,0.2228976069121654,1.195173517028863,-25.533919142564425,True,True,MTD,1037646,https://www.sec.gov/Archives/edgar/data/1037646/000103764626000011/0001037646-26-000011.txt,Life-science tools and research services
2025,2025-01-01,2025-12-31,0001037646-26-000011,2026-02-06,869193000,NetIncomeLoss,4026399000,RevenueFromContractWithCustomerExcludingAssessedTax,3712646000,Assets,-23636000,StockholdersEquity,-36.77411575562701,0.2158735386135353,1.084509269130426,-157.07590116771027,True,True,MTD,1037646,https://www.sec.gov/Archives/edgar/data/1037646/000103764626000011/0001037646-26-000011.txt,Life-science tools and research services
