ticker,fiscal_year,accession,roe
LHX,2021,0000202058-21-000008,0.05399536768963521
LHX,2021,0000202058-22-000015,0.09608077863946286
LDOS,2021,0001336920-21-000010,0.16261004660797515
LDOS,2021,0001336920-22-000007,0.17548357026334188
SNA,2022,0000091440-22-000005,0.19620268299098498
SNA,2022,0000091440-23-000005,0.20344542878182675
SWK,2022,0000093556-22-000015,0.1457400457271041
SWK,2022,0000093556-23-000007,0.1093996149133555
TXT,2022,0000217346-22-000005,0.10946441672780631
TXT,2022,0000217346-23-000006,0.12104597216364404
