ticker,mean_annual_roe_pct,roe_iqr_outlier,roe_2sd_outlier,any_component_iqr_outlier
A,21.698055681389512,False,False,False
ABBV,70.88216958154054,True,True,True
ABT,17.969543901000222,False,False,False
ALGN,19.93293968534858,False,False,False
AMGN,101.76054662167566,True,True,True
BAX,-1.36745635714784,False,False,False
BDX,6.41619470728933,False,False,False
BMY,4.44444906260476,False,False,False
CI,12.83728754965116,False,False,True
CNC,1.09347810336547,False,False,True
COO,11.22172329200685,False,False,False
CRL,9.71082937369172,False,False,False
CVS,7.71398688669418,False,False,True
DGX,18.06834684590353,False,False,False
DHR,10.24366970506926,False,False,False
DXCM,22.94792248511267,False,False,False
ELV,14.92833517279642,False,False,True
GILD,19.43648577372478,False,False,False
HSIC,13.539456638181118,False,False,True
HUM,15.0830134560517,False,False,True
IDXX,81.68659780553732,True,True,True
INCY,9.83206630053234,False,False,False
ISRG,13.477422825494271,False,False,False
LH,12.839991372471221,False,False,False
LLY,71.87009939569327,True,True,True
MDT,8.39453444662774,False,False,False
MRK,27.71455899196275,False,False,False
MRNA,0.25092885438178,False,False,True
PFE,16.03669297803813,False,False,False
PODD,14.01681847681377,False,False,False
REGN,23.11654003162276,False,False,False
RMD,21.78772217310101,False,False,False
RVTY,9.3432442161217,False,False,False
STE,7.16908617291913,False,False,False
TECH,12.84054763296604,False,False,False
TMO,15.228591142372979,False,False,False
UHS,15.317564647954029,False,False,False
UNH,21.17504548735466,False,False,True
VEEV,14.368440689723972,False,False,False
VRTX,19.46443942757962,False,False,False
WST,20.55636565502085,False,False,False
ZBH,4.1607839957966,False,False,False
ZTS,52.593442222146145,True,False,True
