subsector,fiscal_year,median,count,median_roe_percent
Animal-health medicines,2020,0.4345980366144866,1,43.45980366144866
Animal-health medicines,2021,0.448382126348228,1,44.8382126348228
Animal-health medicines,2022,0.4799091940976163,1,47.99091940976163
Animal-health medicines,2023,0.4690814488693215,1,46.90814488693215
Animal-health medicines,2024,0.5211740041928721,1,52.11740041928721
Animal-health medicines,2025,0.8024617232062444,1,80.24617232062444
Care providers and diagnostic services,2020,0.1649004938219274,3,16.49004938219274
Care providers and diagnostic services,2021,0.2314034302178441,3,23.14034302178441
Care providers and diagnostic services,2022,0.1266862111998098,3,12.66862111998098
Care providers and diagnostic services,2023,0.1167335962378279,3,11.67335962378279
Care providers and diagnostic services,2024,0.1285039834759516,3,12.85039834759516
Care providers and diagnostic services,2025,0.1383542538354253,3,13.83542538354253
Diversified healthcare,2020,0.1371095656417764,1,13.71095656417764
Diversified healthcare,2021,0.1975029327970504,1,19.75029327970504
Diversified healthcare,2022,0.1889821730360355,1,18.898217303603552
Diversified healthcare,2023,0.1482527264720358,1,14.82527264720358
Diversified healthcare,2024,0.2811765693185633,1,28.117656931856327
Diversified healthcare,2025,0.125148666794552,1,12.5148666794552
Healthcare distribution,2020,0.120601331114411,1,12.0601331114411
Healthcare distribution,2021,0.1842335766423357,1,18.42335766423357
Healthcare distribution,2022,0.1561230412071967,1,15.612304120719669
Healthcare distribution,2023,0.1138166894664842,1,11.38166894664842
Healthcare distribution,2024,0.1149425287356321,1,11.49425287356321
Healthcare distribution,2025,0.1226502311248074,1,12.26502311248074
Healthcare software,2020,0.1807871546127087,1,18.07871546127087
Healthcare software,2021,0.1676718203960605,1,16.76718203960605
Healthcare software,2022,0.1467868419037125,1,14.67868419037125
Healthcare software,2023,0.1312359872258393,1,13.123598722583928
Healthcare software,2024,0.1131808223519341,1,11.31808223519341
Healthcare software,2025,0.1224438148931832,1,12.24438148931832
Insurance and integrated health services,2020,0.15289795595292766,6,15.289795595292766
Insurance and integrated health services,2021,0.14157550075735548,6,14.157550075735548
Insurance and integrated health services,2022,0.15634303124061183,6,15.634303124061184
Insurance and integrated health services,2023,0.1320184931315391,6,13.20184931315391
Insurance and integrated health services,2024,0.1044153650011918,6,10.44153650011918
Insurance and integrated health services,2025,0.09769375315802285,6,9.769375315802286
Life-science tools and research services,2020,0.1722801737631951,5,17.22801737631951
Life-science tools and research services,2021,0.1483357380008426,6,14.83357380008426
Life-science tools and research services,2022,0.15894855803245575,6,15.894855803245575
Life-science tools and research services,2023,0.13011536970592105,6,13.011536970592106
Life-science tools and research services,2024,0.0799772992312654,6,7.99772992312654
Life-science tools and research services,2025,0.0687935432291468,5,6.87935432291468
Medical devices and supplies,2020,0.1143485981953251,12,11.43485981953251
Medical devices and supplies,2021,0.12383530980452095,12,12.383530980452095
Medical devices and supplies,2022,0.0831270363598451,12,8.31270363598451
Medical devices and supplies,2023,0.12884919106811923,12,12.884919106811923
Medical devices and supplies,2024,0.09129747593163065,12,9.129747593163065
Medical devices and supplies,2025,0.0992095204178841,12,9.920952041788409
Pharmaceuticals and biotechnology,2020,0.2791404984792827,11,27.91404984792827
Pharmaceuticals and biotechnology,2021,0.3417399958097633,11,34.17399958097633
Pharmaceuticals and biotechnology,2022,0.3156922006479528,11,31.569220064795278
Pharmaceuticals and biotechnology,2023,0.2058883756911105,11,20.58883756911105
Pharmaceuticals and biotechnology,2024,0.0910513247848712,11,9.10513247848712
Pharmaceuticals and biotechnology,2025,0.29799228610071316,10,29.799228610071317
Veterinary diagnostics,2020,0.9204034881219072,1,92.04034881219071
Veterinary diagnostics,2021,1.079498023165486,1,107.9498023165486
Veterinary diagnostics,2022,1.1155704351797249,1,111.55704351797249
Veterinary diagnostics,2023,0.5692320128256081,1,56.92320128256081
Veterinary diagnostics,2024,0.5565472104847137,1,55.654721048471366
Veterinary diagnostics,2025,0.6599446985547996,1,65.99446985547996
